Co_Name,NSE_Symbol,Date,Close Price,Year & Month[Latest],Grand Total[Latest]
ACC,ACC,28/11/2016,1317.7,201609,187787263
Aegis Logistics,AEGISCHEM,28/11/2016,144.3,201609,334000000
Amrutanjan Healt,AMRUTANJAN,28/11/2016,549.9,201609,14615315
Andhra Cements,ANDHRACEMT,28/11/2016,7.2,201609,293520492
Internat. Paper,IPAPPM,28/11/2016,304.35,201609,39770039
Apollo Tyres,APOLLOTYRE,28/11/2016,181.9,201609,509024770
Arvind Ltd,ARVIND,28/11/2016,359.15,201609,258359069
Ashok Leyland,ASHOKLEY,28/11/2016,78.15,201609,2845876634
Asian Hotels (N),ASIANHOTNR,28/11/2016,105.05,201609,19453229
Asian Paints,ASIANPAINT,28/11/2016,936.1,201609,959197790
Assam CO. (I),ASSAMCO,28/11/2016,4.75,201609,309760963
SKF India,SKFINDIA,28/11/2016,1280.2,201609,50835069
Astrazeneca Phar,ASTRAZEN,28/11/2016,963.15,201609,25000000
Atlas Cycles,ATLASCYCLE,28/11/2016,355.9,201609,3251919
Atul,ATUL,28/11/2016,2145.6,201609,29661733
Bajaj Holdings,BAJAJHLDNG,28/11/2016,2073.35,201609,111293510
Bajaj Electrical,BAJAJELEC,28/11/2016,211.7,201609,101088076
Balkrishna Inds,BALKRISIND,28/11/2016,925.55,201609,96658595
Ballarpur Inds.,BALLARPUR,28/11/2016,16.55,201609,655523839
Bannari Amm.Sug.,BANARISUG,28/11/2016,1914.6,201609,11439700
BASF India,BASF,28/11/2016,1055.15,201609,43285640
Bata India,BATAINDIA,28/11/2016,411.9,201609,128527540
Bayer Crop Sci.,BAYERCROP,28/11/2016,3922.4,201609,35354001
Berger Paints,BERGEPAINT,28/11/2016,225.8,201609,970953019
Bharat Bijlee,BBL,28/11/2016,766.7,201609,5651560
Bharat Forge,BHARATFORG,28/11/2016,908.8,201609,232794316
Bharat Gears,BHARATGEAR,28/11/2016,103.45,201609,7817833
Sintex Inds.,SINTEX,28/11/2016,76,201609,523472621
Birla Corpn.,BIRLACORPN,28/11/2016,662.8,201609,77005347
Bliss GVS Pharma,BLISSGVS,28/11/2016,139.05,201609,103146672
Blue Blends (I),BLUEBLENDS,28/11/2016,49.1,201609,20592788
Blue Star,BLUESTARCO,28/11/2016,463.45,201609,95436388
Bombay Burmah,BBTC,28/11/2016,506.75,201609,69771900
Bombay Dyeing,BOMDYEING,28/11/2016,45.85,201609,206534900
Reliance Infra.,RELINFRA,28/11/2016,461.9,201609,262990000
Abbott India,ABBOTINDIA,28/11/2016,4939.55,201609,21249302
Britannia Inds.,BRITANNIA,28/11/2016,2970.5,201609,120000815
CESC,CESC,28/11/2016,584.6,201609,132557043
Graphite India,GRAPHITE,28/11/2016,74.45,201609,195375594
Carborundum Uni.,CARBORUNIV,28/11/2016,256.65,201609,188581142
CEAT,CEATLTD,28/11/2016,1194.8,201609,40450092
ITD Cem,ITDCEM,28/11/2016,141.45,201609,155157900
Century Enka,CENTENKA,28/11/2016,284.95,201609,21850589
Century Textiles,CENTURYTEX,28/11/2016,768.3,201609,111695680
Exide Inds.,EXIDEIND,28/11/2016,174.4,201609,850000000
Cipla,CIPLA,28/11/2016,570.55,201609,804210471
DIC India,DICIND,28/11/2016,479.9,201609,9178977
Colgate-Palm.,COLPAL,28/11/2016,932.95,201609,271985634
Clariant Chemica,CLNINDIA,28/11/2016,724.3,201609,23081798
Tata Coffee,TATACOFFEE,28/11/2016,116.25,201609,186770370
Coromandel Inter,COROMANDEL,28/11/2016,246.4,201609,291621327
Cosmo Films,COSMOFILMS,28/11/2016,354.65,201609,19440076
Crompton Greaves,CROMPGREAV,28/11/2016,73.2,201609,626746142
DCM,DCM,28/11/2016,100.65,201609,18677749
Dalmia Bharat,DALMIASUG,28/11/2016,123.9,201609,80939303
Deccan Cements,DECCANCE,28/11/2016,917.45,201609,7003750
Deepak Fert.,DEEPAKFERT,28/11/2016,184.95,201609,88204943
Deepak Nitrite,DEEPAKNTR,28/11/2016,91.55,201609,116288190
DCW,DCW,28/11/2016,28.35,201609,219681407
EID Parry,EIDPARRY,28/11/2016,245.45,201609,175870898
Merck,MERCK,28/11/2016,1005.95,201609,16599382
EIH,EIHOTEL,28/11/2016,100.95,201609,571569414
Eicher Motors,EICHERMOT,28/11/2016,20213.9,201609,27198083
Elecon Engg.Co,ELECON,28/11/2016,52.25,201611,112199965
Electrost.Cast.,ELECTCAST,28/11/2016,22.55,201609,356955322
Elgi Equipment,ELGIEQUIP,28/11/2016,179.2,201609,158454508
GE T&D India,GET&D,28/11/2016,312.05,201609,256046535
Hinduja Foundrie,HINDUJAFO,28/11/2016,30.3,201609,207054576
Escorts,ESCORTS,28/11/2016,318.9,201609,122576878
Essel Propack,ESSELPACK,28/11/2016,237.95,201609,157101285
Everest Inds.,EVERESTIND,28/11/2016,199.25,201609,15388850
Excel Inds.,EXCELINDUS,28/11/2016,369.8,201609,12570692
Finolex Cables,FINCABLES,28/11/2016,405.05,201609,152939345
Nestle India,NESTLEIND,28/11/2016,6288.9,201609,96415716
GKW,GKWLIMITED,28/11/2016,480,201609,5966500
Delta Magnets,DELTAMAGNT,28/11/2016,34.65,201609,6471014
Gabriel India,GABRIEL,28/11/2016,108.4,201609,143643940
Gammon India,GAMMONIND,28/11/2016,12.2,201609,369573105
Garware-Wall Rop,GARWALLROP,28/11/2016,612.7,201609,21882060
Glaxosmit Pharma,GLAXO,28/11/2016,2725.75,201609,84703017
Goa Carbon,GOACARBON,28/11/2016,104.35,201609,9151052
Federal-Mogul Go,FMGOETZE,28/11/2016,501.95,201609,55632130
Kansai Nerolac,KANSAINER,28/11/2016,343.95,201609,538919720
Saregama India,SAREGAMA,28/11/2016,196,201609,17402938
GE Shipping Co,GESHIP,28/11/2016,358.2,201609,150777065
Greaves Cotton,GREAVESCOT,28/11/2016,125,201609,244206795
Grindwell Norton,GRINDWELL,28/11/2016,328.65,201609,110720000
Golden Tobacco,GOLDENTOBC,28/11/2016,58.8,201609,17608802
G N F C,GNFC,28/11/2016,213.05,201609,155418783
Setco Automotive,SETCO,28/11/2016,38.2,201609,133596675
Guj Alkalies,GUJALKALI,28/11/2016,362.6,201609,73436928
Ambuja Cem.,AMBUJACEM,28/11/2016,204.2,201609,1985645229
G S F C,GSFC,28/11/2016,85.05,201609,398477530
Grasim Inds,GRASIM,28/11/2016,840.05,201609,93356812
H D F C,HDFC,28/11/2016,1246.7,201609,1583983690
GlaxoSmith C H L,GSKCONS,28/11/2016,5004.9,201609,42055538
Harri. Malayalam,HARRMALAYA,28/11/2016,61.7,201609,18455405
Hero Motocorp,HEROMOTOCO,28/11/2016,3106.4,201609,199691464
A B B,ABB,28/11/2016,1060.2,201609,211908375
Hind.Construct.,HCC,28/11/2016,33.65,201609,779158906
Hind.Dorr-Oliver,HINDDORROL,28/11/2016,11.7,201609,72005808
Hind.Motors,HINDMOTORS,28/11/2016,7.15,201609,208659293
Bajaj Hindusthan,BAJAJHIND,28/11/2016,14.25,201609,1133559942
HSIL,HSIL,28/11/2016,300.75,201609,72296395
HEG,HEG,28/11/2016,159,201609,39959142
Hindalco Inds.,HINDALCO,28/11/2016,178.65,201609,2065188418
Hind.Composites,HINDCOMPOS,28/11/2016,1726.6,201609,4923000
Hind. Unilever,HINDUNILVR,28/11/2016,837.85,201609,2164274684
Sanofi India,SANOFI,28/11/2016,4342.3,201609,23030622
Hotel Leela Ven.,HOTELEELA,28/11/2016,15.5,201609,466608307
Hil Ltd,HIL,28/11/2016,606,201609,7462563
Zensar Tech.,ZENSARTECH,28/11/2016,1005.2,201609,44748250
GOCL Corpn.,GOCLCORP,28/11/2016,260.3,201609,49572490
Akzo Nobel,AKZOINDIA,28/11/2016,1426.05,201609,46660314
India Cements,INDIACEM,28/11/2016,117.85,201609,307178657
Indian CardCloth,INDIANCARD,28/11/2016,213.8,201609,4551120
IFB Inds.,IFBIND,28/11/2016,432.9,201609,40518796
Indian Hotels,INDHOTEL,28/11/2016,101.25,201609,989274015
Indian Hume Pipe,INDIANHUME,28/11/2016,789.8,201609,24223585
Linde India,LINDEINDIA,28/11/2016,360.25,201609,85284223
Aditya Bir. Nuv.,ABIRLANUVO,28/11/2016,1212.25,201609,130225691
Gillette India,GILLETTE,28/11/2016,4256.5,201609,32585217
Castrol India,CASTROLIND,28/11/2016,395.4,201609,494561192
Ingersoll-Rand,INGERRAND,28/11/2016,674.15,201609,31568000
Tata Inv.Corpn.,TATAINVEST,28/11/2016,552.35,201609,55095296
Tata Sponge Iron,TATASPONGE,28/11/2016,537.3,201609,15400000
ITC,ITC,28/11/2016,233.7,201609,12111559581
IVP,IVP,28/11/2016,125.15,201609,10326263
J B Chem & Pharm,JBCHEPHARM,28/11/2016,340.4,201609,84819975
JK Tyre & Indust,JKTYRE,28/11/2016,117.75,201609,226813480
Jay Shree Tea,JAYSREETEA,28/11/2016,93.9,201609,28877488
Jenson & Nich.,JENSONICOL,28/11/2016,8.2,201609,37425595
K C P,KCP,28/11/2016,87.45,201609,128921160
Kalyani Steels,KSL,28/11/2016,298.45,201609,43653060
Whirlpool India,WHIRLPOOL,28/11/2016,925.25,201609,126871830
Kesoram Inds.,KESORAMIND,28/11/2016,139.6,201609,117268650
Khaitan Elect.,KHAITANELE,28/11/2016,31.5,201609,11500000
Kirl. Brothers,KIRLOSBROS,28/11/2016,171.4,201609,79408926
Cummins India,CUMMINSIND,28/11/2016,764.85,201609,277200000
Kothari Sugars,KOTARISUG,28/11/2016,14.4,201606,82888580
KSB Pumps,KSBPUMPS,28/11/2016,600.5,201609,34807844
Trent,TRENT,28/11/2016,181.45,201609,332316730
Lak. Mach. Works,LAXMIMACH,28/11/2016,3923.65,201609,11266504
Lak. Prec. Screw,LAKPRE,28/11/2016,37.6,201609,10941667
Larsen & Toubro,LT,28/11/2016,1356.95,201609,932334222
LML,LML,28/11/2016,12.4,201609,81984320
Manugraph India,MANUGRAPH,28/11/2016,46.5,201609,30415061
The Ramco Cement,RAMCOCEM,28/11/2016,582.15,201609,238076780
Mah. Scooters,MAHSCOOTER,28/11/2016,1567.5,201609,11428568
M & M,M&M,28/11/2016,1162.5,201609,621092384
Mangalam Cement,MANGLMCEM,28/11/2016,256.15,201609,26693780
Mangalore Chem.,MANGCHEFER,28/11/2016,47,201609,118515150
Max Financial,MFSL,28/11/2016,538.7,201609,267034331
Bosch,BOSCHLTD,28/11/2016,19407.55,201610,30520740
Peninsula Land,PENINLAND,28/11/2016,14.75,201609,279201220
MRF,MRF,28/11/2016,47574.05,201609,4241143
Mukand,MUKANDLTD,28/11/2016,53.8,201609,141405861
Heidelberg Cem.,HEIDELBERG,28/11/2016,113.8,201609,226613116
NCL Inds.,NCLIND,28/11/2016,116.5,201609,36732790
NELCO,NELCO,28/11/2016,75.45,201609,22818400
Piramal Enterp.,PEL,28/11/2016,1650.05,201609,172563100
NOCIL,NOCIL,28/11/2016,65.85,201609,160786980
Orient Abrasives,ORIENTABRA,28/11/2016,34.15,201609,119639200
Orient Paper,ORIENTPPR,28/11/2016,71.8,201609,204868760
Oriental Hotels,ORIENTHOT,28/11/2016,22.3,201609,178599180
OCL India,OCL,28/11/2016,786.6,201609,56900220
Pfizer,PFIZER,28/11/2016,1819.15,201609,45747732
Phillips Carbon,PHILIPCARB,28/11/2016,227.4,201609,34467572
Prakash Inds.,PRAKASH,28/11/2016,48.75,201609,135601469
Surya Roshni,SURYAROSNI,28/11/2016,197.35,201609,43831250
Fag Bearings,FAGBEARING,28/11/2016,4074.55,201609,16617270
Premier,PREMIER,28/11/2016,30.8,201609,30372570
Pressman Adv.,PRESSMN,28/11/2016,42.05,201609,23482843
Pudumjee Pulp,PDUMJEPULP,28/11/2016,20.65,201609,41000000
Punjab Chemicals,PUNJABCHEM,28/11/2016,179.7,201609,12262185
Rallis India,RALLIS,28/11/2016,203.45,201609,194468890
Rane Holdings,RANEHOLDIN,28/11/2016,802.75,201609,14277809
Raymond,RAYMOND,28/11/2016,513.75,201609,61380854
Reliance Inds.,RELIANCE,28/11/2016,986.65,201609,3243105885
Revathi Equipmnt,REVATHI,28/11/2016,580,201609,3066943
P & G Hygiene,PGHH,28/11/2016,6596.45,201609,32460736
Rollatainers,ROLLT,28/11/2016,17.35,201609,250130000
Vedanta,VEDL,28/11/2016,228.6,201609,2964694239
Seshasayee Paper,SESHAPAPER,28/11/2016,771.6,201609,12613628
Shalimar Paints,SHALPAINTS,28/11/2016,146.35,201609,18945975
Shree Cement,SHREECEM,28/11/2016,15448.15,201609,34837225
SRF,SRF,28/11/2016,1528.45,201609,57420500
Siemens,SIEMENS,28/11/2016,1078.75,201609,356120255
Siyaram Silk,SIYSIL,28/11/2016,1234.25,201609,9374016
Somany Ceramics,SOMANYCERA,28/11/2016,529.65,201609,42379426
S P I C,SPIC,28/11/2016,20.05,201606,220707136
TVS Srichakra,TVSSRICHAK,28/11/2016,3401.8,201609,7657050
Standard Inds.,SIL,28/11/2016,24.2,201609,64328941
JK Lakshmi Cem.,JKLAKSHMI,28/11/2016,378.6,201609,117670066
Sundaram Brake,SUNDRMBRAK,28/11/2016,427.75,201609,3934575
Sundaram Clayton,SUNCLAYLTD,28/11/2016,2860.05,201609,20232085
Sundram Fasten.,SUNDRMFAST,28/11/2016,293.25,201609,210128370
Sundaram Finance,SUNDARMFIN,28/11/2016,1199.2,201609,111103860
Supreme Inds.,SUPREMEIND,28/11/2016,845.85,201609,127026870
SML ISUZU,SMLISUZU,28/11/2016,1111.35,201609,14471646
Talbros Auto.,TALBROAUTO,28/11/2016,131.95,201609,12345630
Tata Chemicals,TATACHEM,28/11/2016,476.6,201609,254756278
Tata Power Co.,TATAPOWER,28/11/2016,72.7,201609,2704629398
Infomedia Press,INFOMEDIA,28/11/2016,4.95,201609,50194172
TRF,TRF,28/11/2016,199.05,201609,11004412
Tata Global,TATAGLOBAL,28/11/2016,120.95,201609,631129729
Tata Motors,TATAMOTORS,28/11/2016,454.7,201609,2887203602
Texmaco Infrast.,TEXINFRA,28/11/2016,40,201609,127426590
Thirumalai Chem.,TIRUMALCHM,28/11/2016,721.15,201609,10238812
Thomas Cook (I),THOMASCOOK,28/11/2016,190.55,201609,366520023
Tinplate Co.,TINPLATE,28/11/2016,73.05,201609,104667638
Tata Steel,TATASTEEL,28/11/2016,406.6,201609,971215439
TIL,TIL,28/11/2016,270.5,201609,10030265
Tube Investments,TUBEINVEST,28/11/2016,585.05,201609,187371415
Unichem Labs.,UNICHEMLAB,28/11/2016,263.95,201609,90870450
Eveready Inds.,EVEREADY,28/11/2016,217.7,201609,72687260
U B Holdings,UBHOLDINGS,28/11/2016,42.4,201609,66818521
Universal Cables,UNIVCABLES,28/11/2016,72.5,201609,34695381
Jubilant Life,JUBILANT,28/11/2016,657.2,201609,159281139
Voltas,VOLTAS,28/11/2016,300.95,201609,330884740
VST Inds.,VSTIND,28/11/2016,2223.7,201609,15441920
W S Inds.,WSI,28/11/2016,9.6,201609,21139789
Walchan. Inds.,WALCHANNAG,28/11/2016,141.35,201609,38070205
Wendt India,WENDT,28/11/2016,1762.9,201609,2000000
West Coast Paper,WSTCSTPAPR,28/11/2016,131.7,201609,66048908
Wheels India,WHEELS,28/11/2016,1184.05,201609,12032279
Wipro,WIPRO,28/11/2016,460.6,201609,2430801816
XPRO India,XPROINDIA,28/11/2016,46.95,201609,11659500
Zenith Birla,ZENITHBIR,28/11/2016,0.7,201609,131280448
Zuari Global,ZUARIGLOB,28/11/2016,91,201609,29440604
Automotive Axles,AUTOAXLES,28/11/2016,639.25,201609,15111975
Alembic,ALEMBICLTD,28/11/2016,35.6,201609,267031828
Alkyl Amines,ALKYLAMINE,28/11/2016,311.8,201609,20396392
Apollo Hospitals,APOLLOHOSP,28/11/2016,1236.85,201609,139125159
Oswal Green Tech,BINDALAGRO,28/11/2016,24.95,201609,256809159
Cimmco,CIMMCO,28/11/2016,64.1,201609,20148526
Dynamatic Tech.,DYNAMATECH,28/11/2016,3012.5,201609,6341443
Global Offshore,GLOBOFFS,28/11/2016,110.4,201609,24728793
Godfrey Phillips,GODFRYPHLP,28/11/2016,937.6,201609,51993920
Indo National,NIPPOBATRY,28/11/2016,978.45,201609,3750000
Nalwa Sons Invst,NSIL,28/11/2016,727.9,201609,5136163
JBF Inds.,JBFIND,28/11/2016,197.6,201609,81871849
Lyka Labs,LYKALABS,28/11/2016,61.35,201609,22040000
NESCO,NESCO,28/11/2016,2025.65,201609,14091992
Oudh Sugar Mills,OUDHSUG,28/11/2016,109.8,201609,25917285
Marathon Nextgen,MARATHON,28/11/2016,225,201609,28437345
RSWM Ltd,RSWM,28/11/2016,446.05,201609,23148689
Rico Auto Inds,RICOAUTO,28/11/2016,61.45,201609,135285000
Ruchi Soya Inds.,RUCHISOYA,28/11/2016,20,201609,334100722
V I P Inds.,VIPIND,28/11/2016,117.1,201609,141317315
Vindhya Telelink,VINDHYATEL,28/11/2016,605.45,201609,11850863
Balmer Lawrie,BALMLAWRIE,28/11/2016,933.45,201609,28500641
Dhunseri Petro.,DPL,28/11/2016,74,201609,35024754
Kanoria Chem.,KANORICHEM,28/11/2016,77.3,201609,43693333
Williamson Magor,WILLAMAGOR,28/11/2016,53.9,201609,10956360
McNally Bharat,MBECL,28/11/2016,53.15,201609,53593818
Oriental Carbon,OCCL,28/11/2016,768.25,201609,10296062
Upper Gang. Sug.,UPERGANGES,28/11/2016,306.55,201609,11557239
Peria Kara. Tea,PKTEA,28/11/2016,148,201609,3095879
Sakthi Sugars,SAKHTISUG,28/11/2016,36.95,201609,118849036
TTK Healthcare,TTKHLTCARE,28/11/2016,905.15,201609,7765983
Lumax Inds.,LUMAXIND,28/11/2016,771.65,201609,9347732
Ador Welding,ADORWELD,28/11/2016,285.1,201609,13598467
Oricon Enter.,ORICONENT,28/11/2016,46.35,201609,157047715
Mangalam Timber,MANGTIMBER,28/11/2016,28.15,201609,18327400
Sudarshan Chem.,SUDARSCHEM,28/11/2016,339.7,201609,69227250
Windsor Machines,WINDMACHIN,28/11/2016,42.25,201609,64931800
Uniphos Enter.,UNIENTER,28/11/2016,56.35,201609,69545849
Dr Reddy's Labs,DRREDDY,28/11/2016,3172.9,201609,165710785
Uttam Value Ste.,UVSL,28/11/2016,0.4,201609,6608076335
BSL,BSL,28/11/2016,68.3,201609,10292168
Regency Ceramics,REGENCERAM,28/11/2016,6.95,201609,26441586
IFB Agro Inds.,IFBAGRO,28/11/2016,381.6,201609,9367111
Himatsing. Seide,HIMATSEIDE,28/11/2016,281.8,201609,98457160
T N Petro Prod.,TNPETRO,28/11/2016,25.25,201609,89971474
INEOS Styrolut.,INEOSSTYRO,28/11/2016,598.75,201609,17585625
Gandhi Spl. Tube,GANDHITUBE,28/11/2016,295.55,201609,14698616
Kesar Enterprise,KESARENT,28/11/2016,38,201609,10079682
Vardhman Textile,VTL,28/11/2016,1094.85,201609,63651879
Munjal Showa,MUNJALSHOW,28/11/2016,199.85,201609,39995000
Nahar Spinning,NAHARSPING,28/11/2016,116.8,201609,36065303
Rain Industries,RAIN,28/11/2016,49.65,201609,336345679
Jindal Saw,JINDALSAW,28/11/2016,53.9,201609,319754117
Shanthi Gears,SHANTIGEAR,28/11/2016,111.7,201609,81715853
Tainwala Chem.,TAINWALCHM,28/11/2016,42.85,201609,9363863
Vardhman Hold.,VHL,28/11/2016,1828.7,201609,3191536
Unitech,UNITECH,28/11/2016,4.9,201609,2616301047
Banco Products,BANCOINDIA,28/11/2016,181.95,201609,71518650
Natl. Steel&Agro,NATNLSTEEL,28/11/2016,16.95,201609,44500000
Zandu Realty,ZANDUREALT,28/11/2016,1130.15,201609,806400
Sagar Cements,SAGCEM,28/11/2016,715.65,201609,17388014
Titan Company,TITAN,28/11/2016,306.55,201609,887786160
HCL Infosystems,HCL-INSYS,28/11/2016,50.6,201609,222919629
Garden Silk Mill,GARDENSILK,28/11/2016,27.25,201609,42082525
Asahi India Glas,ASAHIINDIA,28/11/2016,176.05,201609,243089931
GHCL,GHCL,28/11/2016,246.35,201609,100019286
Honda Siel Power,HONDAPOWER,28/11/2016,1493.95,201609,10143071
Nicco Corpn.,NICCO,28/11/2016,0.5,201606,136877482
Visaka Inds.,VISAKAIND,28/11/2016,197,201609,15880952
Sona Koyo Steer.,SONASTEER,28/11/2016,57.35,201609,198741832
Polyplex Corpn,POLYPLEX,28/11/2016,337.2,201609,31984600
Uttam Galva,UTTAMSTL,28/11/2016,28.45,201609,142260103
Ester Inds.,ESTER,28/11/2016,39.55,201609,83393759
Sunflag Iron,SUNFLAG,28/11/2016,36.1,201609,180219448
Murudesh Ceramic,MURUDCERA,28/11/2016,27.95,201609,40813922
Kirloskar Indus.,KIRLOSIND,28/11/2016,840.35,201609,9708619
Guj. Sidhee Cem.,GSCLCEMENT,28/11/2016,24.85,201609,86153852
Munjal Auto Inds,MUNJALAU,28/11/2016,91.6,201609,50000000
Usha Martin,USHAMART,28/11/2016,14.65,201609,304741780
AGC Networks,AGCNET,28/11/2016,84.7,201609,28466464
Aban Offshore,ABAN,28/11/2016,214.85,201609,58365323
EIH Assoc.Hotels,EIHAHOTELS,28/11/2016,295.25,201609,30468147
Kokuyo Camlin,KOKUYOCMLN,28/11/2016,81.5,201609,100303806
The Hi-Tech Gear,HITECHGEAR,28/11/2016,304.7,201609,18768000
India Glycols,INDIAGLYCO,28/11/2016,125.25,201609,30961500
Huhtamaki PPL,PAPERPROD,28/11/2016,250.15,201609,72711934
Pennar Inds.,PENIND,28/11/2016,41.85,201609,120349514
Subros,SUBROS,28/11/2016,165.15,201609,59988600
Jain Irrigation,JISLJALEQS,28/11/2016,89.85,201609,460166053
Guj Fluorochem,GUJFLUORO,28/11/2016,487.4,201609,109850000
Kajaria Ceramics,KAJARIACER,28/11/2016,519.35,201609,79469000
Honeywell Auto,HONAUT,28/11/2016,8518.15,201609,8841523
Sarda Energy,SARDAEN,28/11/2016,236.35,201609,35978319
Esab India,ESABINDIA,28/11/2016,573.75,201609,15393020
Jamna Auto Inds.,JAMNAAUTO,28/11/2016,180.5,201609,79636376
Jay Bharat Mar.,JAYBARMARU,28/11/2016,279.15,201609,21650000
Monsanto India,MONSANTO,28/11/2016,2270.75,201609,17262748
Value Industries,VALUEIND,28/11/2016,12.05,201609,39185675
Shrenuj & Co.,SHRENUJ,28/11/2016,2.7,201609,192907258
Nahar Indl. Ent.,NAHARINDUS,28/11/2016,92,201609,39835142
H F C L,HFCL,28/11/2016,13,201609,1239377194
Oil Country,OILCOUNTUB,28/11/2016,32.25,201609,44289530
Jyoti Structures,JYOTISTRUC,28/11/2016,11.2,201609,109527710
Eurotex Inds.,EUROTEXIND,28/11/2016,28.85,201609,8749865
Bhansali Engg.,BEPL,28/11/2016,22.85,201609,165905640
Pearl Polymers,PEARLPOLY,28/11/2016,20.55,201609,16834932
Chemfab Alkalis,CHEMFALKAL,28/11/2016,281.75,201609,9171697
Indo Rama Synth.,INDORAMA,28/11/2016,29.65,201609,151822242
Can Fin Homes,CANFINHOME,28/11/2016,1527.65,201609,26620242
Vinyl Chemicals,VINYLINDIA,28/11/2016,60.8,201609,18337111
Dharani Sugars,DHARSUGAR,28/11/2016,31.45,201610,33200000
Kabra Extrusion,KABRAEXTRU,28/11/2016,115.45,201609,31902320
Venky's (India),VENKEYS,28/11/2016,448.25,201609,14087336
Finolex Inds.,FINPIPE,28/11/2016,422.8,201609,124095381
Albert David,ALBERTDAVD,28/11/2016,366.3,201609,5707162
Amtek Auto,AMTEKAUTO,28/11/2016,40.85,201609,224755428
Shiva Texyarn,SHIVTEX,28/11/2016,225.4,201609,21604521
Ansal Housing,ANSALHSG,28/11/2016,18.3,201609,59385828
Hind Syntex,HINDSYNTEX,28/11/2016,9.85,201609,12718600
Jindal Drilling,JINDRILL,28/11/2016,162.5,201609,28981104
Moser Baer (I),MOSERBAER,28/11/2016,6.65,201609,221765983
Omax Autos,OMAXAUTO,28/11/2016,73.9,201609,21388213
Patel Engg.,PATELENG,28/11/2016,72.1,201609,76806282
PTL Enterprises,PTL,28/11/2016,121.65,201609,66188500
Steel Str. Wheel,SSWL,28/11/2016,528.4,201609,15533520
Swaraj Engines,SWARAJENG,28/11/2016,1314.85,201609,12419820
Weizmann,WEIZMANIND,28/11/2016,29.55,201609,17271536
Man Inds.,MANINDS,28/11/2016,45.35,201609,57103055
St Bk of India,SBIN,28/11/2016,253.55,201609,7762777042
Autolite (I),AUTOLITIND,28/11/2016,49.7,201609,10581241
Shreyans Inds.,SHREYANIND,28/11/2016,110.05,201609,13824550
Rajshree Sugars,RAJSREESUG,28/11/2016,59,201609,28166700
Ruby Mills,RUBYMILLS,28/11/2016,342.9,201609,16720000
Advani Hotels.,ADVANIHOTR,28/11/2016,49.55,201609,46219250
Hind Rectifiers,HIRECT,28/11/2016,88.15,201609,15057930
Uflex,UFLEX,28/11/2016,285.65,201609,72211486
Ucal Fuel Sys.,UCALFUEL,28/11/2016,179.6,201609,22113625
Spice Mobility,SPICEMOBI,28/11/2016,14.45,201609,227863982
Vadilal Inds.,VADILALIND,28/11/2016,510.05,201609,7187830
Anant Raj,ANANTRAJ,28/11/2016,38.1,201609,295096335
Harita Seating,HARITASEAT,28/11/2016,682.9,201609,7769040
Jai Corp,JAICORPLTD,28/11/2016,58.5,201609,178449410
Sical Logistics,SICAL,28/11/2016,201.75,201609,55601694
Sujana Univ. Ind,SUJANAUNI,28/11/2016,1.8,201609,168841072
Navneet Educat.,NAVNETEDUL,28/11/2016,107.1,201609,238215000
Superhouse Ltd,SUPERHOUSE,28/11/2016,138.25,201609,11025000
IL&FS Inv.Manag.,IVC,28/11/2016,14.4,201609,314032740
Hind.Oil Explor.,HINDOILEXP,28/11/2016,59.15,201609,130493289
PAE,PAEL,28/11/2016,10.55,201609,10419600
Century Extrus.,CENTEXT,28/11/2016,6.7,201609,80000000
Godrej Inds.,GODREJIND,28/11/2016,367.25,201609,336139786
Shriram Trans.,SRTRANSFIN,28/11/2016,928,201609,226882736
T T,TTL,28/11/2016,42.4,201609,21498050
Dhanuka Agritech,DHANUKA,28/11/2016,711.45,201609,50019500
Kirl. Electric,KECL,28/11/2016,44.6,201609,66414071
Manali Petrochem,MANALIPETC,28/11/2016,35.5,201609,171999229
GRP,GRPLTD,28/11/2016,1425,201609,1333333
Dewan Hsg. Fin.,DHFL,28/11/2016,241.05,201609,313028058
AVT Natural Prod,AVTNPL,28/11/2016,30.25,201609,152284000
Ginni Filaments,GINNIFILA,28/11/2016,20.25,201609,70650065
Kakatiya Cement,KAKATCEM,28/11/2016,249.35,201609,7773858
Reliance Capital,RELCAPITAL,28/11/2016,427.7,201609,252632800
Thiru Aroor. Su.,THIRUSUGAR,28/11/2016,53.95,201609,11316724
Salzer Electron.,SALZERELEC,28/11/2016,183.55,201609,13889687
Sterling Biotech,STERLINBIO,28/11/2016,3.5,201609,272170388
Precot Meridian,PRECOT,28/11/2016,71.95,201609,12000000
Super Spinning,SUPERSPIN,28/11/2016,12.9,201609,55000000
India Nipp.Elec.,INDNIPPON,28/11/2016,523.7,201609,11310712
Pricol,PRICOL,28/11/2016,84.45,201609,94796721
Rolta India,ROLTA,28/11/2016,55.1,201609,163303923
Ramco Inds.,RAMCOIND,28/11/2016,191.85,201609,86663060
L G Balakrishnan,LGBBROSLTD,28/11/2016,584.75,201609,15696208
United Nilgiri,UNITEDTEA,28/11/2016,312.5,201609,4996566
India Motor Part,IMPAL,28/11/2016,747.4,201609,8319575
Suryalak. Cott.,SURYALAXMI,28/11/2016,125.85,201609,16672290
Ruchi Infrastr.,RUCHINFRA,28/11/2016,4.1,201609,205239942
Indo Count Inds.,ICIL,28/11/2016,155.35,201609,39479934
IOL Chemicals,IOLCP,28/11/2016,96.55,201609,56205502
Hercules Hoists,HERCULES,28/11/2016,148.45,201609,32000000
DE Nora India,DENORA,28/11/2016,240.45,201609,5308634
Arshiya,ARSHIYA,28/11/2016,26.4,201609,156179472
AYM Syntex,AYMSYNTEX,28/11/2016,69.05,201609,39239568
Apar Inds.,APARINDS,28/11/2016,585.4,201609,38496769
Orient Bell,ORIENTBELL,28/11/2016,155.45,201609,14002401
Donear Inds.,DONEAR,28/11/2016,62.9,201609,52000000
Nilkamal Ltd,NILKAMAL,28/11/2016,1404.55,201609,14922525
Nahar Poly,NAHARPOLY,28/11/2016,56.05,201609,24587991
Sequent Scien.,SEQUENT,28/11/2016,117.85,201609,243736195
3M India,3MINDIA,28/11/2016,11284.1,201609,11265070
Johnson Con. Hit,JCHAC,28/11/2016,1370.75,201609,27190884
HB Stockholdings,HBSTOCK,28/11/2016,14.55,201609,23792218
Amara Raja Batt.,AMARAJABAT,28/11/2016,924.6,201609,170812500
JM Financial,JMFINANCIL,28/11/2016,66.35,201609,791734598
Swan Energy,SWANENERGY,28/11/2016,147.8,201609,221180000
T N Telecom.,TNTELE,28/11/2016,2.9,201609,45681000
EMCO,EMCO,28/11/2016,25.65,201609,67575885
Agro Tech Foods.,ATFL,28/11/2016,474.95,201609,24369264
Radico Khaitan,RADICO,28/11/2016,117.2,201609,133038765
Cholaman.Inv.&Fn,CHOLAFIN,28/11/2016,960.75,201609,156255140
Star Paper Mills,STARPAPER,28/11/2016,184.35,201609,15608350
Jagsonpal Pharma,JAGSNPHARM,28/11/2016,34.95,201609,26198000
NEPC India,NEPCMICON,28/11/2016,1.5,201606,69264638
Mah. Seamless,MAHSEAMLES,28/11/2016,231.25,201609,66999626
Rel. Indl. Infra,RIIL,28/11/2016,356.75,201609,15100000
Maral Overseas,MARALOVER,28/11/2016,28.45,201609,41508000
I G Petrochems,IGPL,28/11/2016,233.45,201609,30794850
Balrampur Chini,BALRAMCHIN,28/11/2016,120.95,201609,245006967
High Ground,HIGHGROUND,28/11/2016,42.35,201609,104650863
Timken India,TIMKEN,28/11/2016,553.15,201609,67999984
Welspun India,WELSPUNIND,28/11/2016,64.8,201609,1004725150
Vinati Organics,VINATIORGA,28/11/2016,560.25,201609,51591025
Andhra Sugars,ANDHRSUGAR,28/11/2016,205.5,201606,27107078
Ganesha Ecosphe.,GANECOS,28/11/2016,183.8,201609,19176877
Gufic BioScience,GUFICBIO,28/11/2016,48.1,201609,77350000
B P C L,BPCL,28/11/2016,651.3,201609,1446168496
MMTC,MMTC,28/11/2016,46.45,201609,1000000000
M T N L,MTNL,28/11/2016,17.25,201609,630000000
BEML Ltd,BEML,28/11/2016,825.6,201609,41644500
Tata Comm,TATACOMM,28/11/2016,660.7,201609,285000000
R C F,RCF,28/11/2016,44.3,201609,551688100
Bharat Electron,BEL,28/11/2016,1385.1,201611,223362793
S A I L,SAIL,28/11/2016,51.45,201609,4130525289
S T C,STCINDIA,28/11/2016,116.7,201609,60000000
F A C T,FACT,28/11/2016,22.2,201606,647071974
Hind.Organ.Chem.,HOCL,28/11/2016,18.3,201609,67173100
NLC India,NLCINDIA,28/11/2016,77.35,201609,1677709600
Natl. Aluminium,NATIONALUM,28/11/2016,57.45,201609,1932928884
H P C L,HINDPETRO,28/11/2016,480.8,201609,1015881750
B H E L,BHEL,28/11/2016,127.6,201609,2447600000
Hind.Zinc,HINDZINC,28/11/2016,284.5,201609,4225319000
Tata Elxsi,TATAELXSI,28/11/2016,1259.35,201609,31138220
HMT,HMT,28/11/2016,35.2,201609,1204091640
Bhagyanagar Ind,BHAGYNAGAR,28/11/2016,18.2,201609,63990000
Kotak Mah. Bank,KOTAKBANK,28/11/2016,750.15,201609,1837288329
ITI,ITI,28/11/2016,31.5,201609,480000000
Dredging Corpn.,DREDGECORP,28/11/2016,412.45,201609,28000000
DCM Shriram,DCMSHRIRAM,28/11/2016,212.45,201609,162416137
Mawana Sugars,MAWANASUG,28/11/2016,47.65,201609,39116864
C P C L,CHENNPETRO,28/11/2016,272,201609,148911400
S C I,SCI,28/11/2016,58.7,201609,465799010
Metalyst Forg.,METALFORGE,28/11/2016,72,201609,36750000
Rainbow Papers,RAINBOWPAP,28/11/2016,3.55,201609,106217300
Genesys Intl.,GENESYS,28/11/2016,95.65,201609,30447512
Aarti Inds.,AARTIIND,28/11/2016,722.65,201609,83320383
IFGL Refractor,IFGLREFRAC,28/11/2016,170.1,201609,34610472
Binani Inds,BINANIIND,28/11/2016,73,201609,31366175
Ausom Enter.,AUSOMENT,28/11/2016,23.2,201609,13623552
Wanbury,WANBURY,28/11/2016,39.5,201609,19969286
Prec. Wires (I),PRECWIRE,28/11/2016,111.35,201609,23127246
HBL Power System,HBLPOWER,28/11/2016,37.15,201609,253000000
Ajmera Realty,AJMERA,28/11/2016,130.65,201609,35484875
Arcotech Ltd,ARCOTECH,28/11/2016,345.55,201609,21000000
Khaitan (India),KHAITANLTD,28/11/2016,11.15,201606,4750000
Gillanders Arbut,GILLANDERS,28/11/2016,61,201609,21342346
ADF Foods,ADFFOODS,28/11/2016,153.75,201611,21201461
GTL,GTL,28/11/2016,17.7,201609,157296781
Easun Reyrolle,EASUNREYRL,28/11/2016,25.35,201609,30794141
UPL,UPL,28/11/2016,628.65,201609,506917696
Future Enterp.,FEL,28/11/2016,16.5,201609,431963878
Guj. Ambuja Exp,GAEL,28/11/2016,84.9,201609,138351875
M R P L,MRPL,28/11/2016,101.05,201609,1752598777
Madhav Marbles,MADHAV,28/11/2016,49.95,201609,8947000
VST Till. Tract.,VSTTILLERS,28/11/2016,1726.4,201609,8639528
Kingfa Science,KINGFA,28/11/2016,889.6,201609,10110568
Parrys Sugar,PARRYSUGAR,28/11/2016,37.55,201609,19961707
Naga Dhunseri,NDGL,28/11/2016,384.25,201609,1000000
NCC,NCC,28/11/2016,78.55,201609,555931588
Nakoda,NAKODA,28/11/2016,0.45,201609,300000000
Dhampur Sugar,DHAMPURSUG,28/11/2016,113.95,201609,66385485
KDDL Ltd,KDDL,28/11/2016,224.9,201609,10084870
Plastiblends (I),PLASTIBLEN,28/11/2016,478.7,201609,12994600
GRUH Finance,GRUH,28/11/2016,314.15,201609,363908978
P I Inds.,PIIND,28/11/2016,880.95,201609,137127222
Indl. Inv. Trust,IITL,28/11/2016,67,201609,22547550
Morepen Labs.,MOREPENLAB,28/11/2016,21.65,201609,449826203
Sumeet Inds.,SUMEETINDS,28/11/2016,34.8,201609,58039738
Apcotex Industri,APCOTEXIND,28/11/2016,319.2,201609,20737984
Phoenix Lamps,PHOENIXLL,28/11/2016,144.25,201609,28019300
Kopran,KOPRAN,28/11/2016,49.25,201609,43252602
Guj Inds. Power,GIPCL,28/11/2016,95.9,201609,151251188
Lak. Vilas Bank,LAKSHVILAS,28/11/2016,147,201609,179461609
Karur Vysya Bank,KARURVYSYA,28/11/2016,83.35,201609,121864454
Mastek,MASTEK,28/11/2016,138.15,201609,23243120
Eimco Elecon(I),EIMCOELECO,28/11/2016,367.6,201609,5768385
Vijay Shan. Bui.,VIJSHAN,28/11/2016,11.05,201609,26188670
Ashiana Housing,ASHIANA,28/11/2016,132.55,201609,102352099
NIIT,NIITLTD,28/11/2016,75.6,201609,165639330
Bharat Rasayan,BHARATRAS,28/11/2016,1881,201606,4248740
Cons. Finvest,CONSOFINVT,28/11/2016,56.75,201606,32326366
Himadri Specialt,HSCL,28/11/2016,37.4,201609,418407867
SREI Infra. Fin.,SREINFRA,28/11/2016,77.3,201609,503086333
ESI,EASTSILK,28/11/2016,2.5,201609,78952620
GTN Industries,GTNIND,28/11/2016,12.95,201609,17540378
MIRC Electronics,MIRCELECTR,28/11/2016,12.75,201609,196234202
Infosys,INFY,28/11/2016,979.75,201609,2296944664
Pil Italica,PILITA,28/11/2016,13,201609,210000000
Ansal Properties,ANSALAPI,28/11/2016,15.6,201609,157404876
Sangam India,SANGAMIND,28/11/2016,262.4,201609,39421559
Mazda,MAZDA,28/11/2016,335.7,201609,4258000
Tide Water Oil,TIDEWATER,28/11/2016,5693,201609,3484800
VLS Finance,VLSFINANCE,28/11/2016,49.85,201609,38662017
Viceroy Hotels,VICEROY,28/11/2016,17.95,201609,42405224
Menon Bearings,MENONBE,28/11/2016,71.45,201609,56040000
Simplex Infra,SIMPLEXINF,28/11/2016,311.1,201609,49472330
Vardhman Polytex,VARDMNPOLY,28/11/2016,71.05,201609,22290957
Jayant Agro Org.,JAYAGROGN,28/11/2016,460.55,201609,15000000
D S Kulkarni Dev,DSKULKARNI,28/11/2016,61.25,201609,25801008
Motherson Sumi,MOTHERSUMI,28/11/2016,301.65,201609,1403526327
Trident,TRIDENT,28/11/2016,54.45,201609,509579260
Aarti Drugs,AARTIDRUGS,28/11/2016,632.55,201609,24217100
Tata Metaliks,TATAMETALI,28/11/2016,328.1,201609,25288000
Banswara Syntex,BANSWRAS,28/11/2016,148.5,201609,16929346
Soma Textiles,SOMATEX,28/11/2016,9.1,201609,33033000
Shah Alloys,SHAHALLOYS,28/11/2016,12.25,201609,19797540
Salora Intl.,SALORAINTL,28/11/2016,55.65,201609,8807300
TCI Finance,TCIFINANCE,28/11/2016,25,201609,12872493
Lupin,LUPIN,28/11/2016,1509.2,201609,451139897
Chambal Fert.,CHAMBLFERT,28/11/2016,62.35,201609,416207852
Monnet Ispat,MONNETISPA,28/11/2016,22.2,201609,200768242
Ashima,ASHIMASYN,28/11/2016,14.65,201609,128453876
Sujana Metal Prd,SMPL,28/11/2016,2.65,201609,301010881
Sathavaha. Ispat,SATHAISPAT,28/11/2016,62.85,201609,50900000
Aarvee Denims,AARVEEDEN,28/11/2016,83.4,201609,23459800
Ashapura Minech.,ASHAPURMIN,28/11/2016,59.3,201609,86986098
Alok Inds.,ALOKTEXT,28/11/2016,2.65,201609,1377317895
Ratnamani Metals,RATNAMANI,28/11/2016,581.45,201609,46728000
Zee Entertainmen,ZEEL,28/11/2016,457.7,201609,960448720
Orchid Pharma,ORCHIDPHAR,28/11/2016,27.95,201609,88964327
JVL Agro Indus,JVLAGRO,28/11/2016,17.3,201609,167940000
Bodal Chemicals,BODALCHEM,28/11/2016,121.4,201609,109107370
IFCI,IFCI,28/11/2016,23,201609,1662037235
Bhushan Steel,BHUSANSTL,28/11/2016,40.25,201609,226514746
Sanwaria Agro,SANWARIA,28/11/2016,5.4,201611,368050000
Birla Cable,BIRLACABLE,28/11/2016,37.15,201609,30000000
Pion. Embroider.,PIONEEREMB,28/11/2016,51.05,201609,18549094
Vesuvius India,VESUVIUS,28/11/2016,1069.95,201609,20296080
Mindteck (India),MINDTECK,28/11/2016,76.7,201609,25235133
Pidilite Inds.,PIDILITIND,28/11/2016,625.55,201609,512675330
Diamond Power,DIAPOWER,28/11/2016,36.5,201609,69025949
Vimta Labs,VIMTALABS,28/11/2016,100,201609,22107810
G M Breweries,GMBREW,28/11/2016,555.65,201609,14622031
Spentex Inds.,SPENTEX,28/11/2016,5.2,201609,89772035
Hitech Plast,HITECHPLAS,28/11/2016,154.25,201609,17175700
Filatex India,FILATEX,28/11/2016,67.25,201609,43500000
CRISIL,CRISIL,28/11/2016,2262.45,201609,71276678
Videocon Inds.,VIDEOIND,28/11/2016,104.1,201609,334458875
Agro Dutch Inds.,AGRODUTCH,28/11/2016,1.9,201606,54365000
Havells India,HAVELLS,28/11/2016,334.15,201609,624855342
Mold-Tek Technol,MOLDTECH,28/11/2016,48.85,201609,26783075
Marksans Pharma,MARKSANS,28/11/2016,43.8,201609,409313698
Mercator,MERCATOR,28/11/2016,38,201609,244892073
SVOGL Oil,SVOGL,28/11/2016,3.35,201609,128375159
Prem. Explosives,PREMEXPLN,28/11/2016,340.55,201609,8858575
Foseco India,FOSECOIND,28/11/2016,1273.9,201609,6386459
Control Print,CONTROLPR,28/11/2016,242.75,201609,15672372
Patspin India,PATSPINLTD,28/11/2016,9.85,201609,30920000
SPML Infra,SPMLINFRA,28/11/2016,55.65,201609,36650276
Orient Press,ORIENTLTD,28/11/2016,58,201609,8075000
Rana Sugars,RANASUG,28/11/2016,9.35,201609,153511120
MphasiS,MPHASIS,28/11/2016,512.3,201609,210227255
Tilaknagar Inds.,TI,28/11/2016,15.2,201609,124756115
Dabur India,DABUR,28/11/2016,277.9,201609,1761520510
Crest Ventures,CREST,28/11/2016,74.75,201609,17370000
Ganesh Housing,GANESHHOUC,28/11/2016,64.4,201609,49002819
Igarashi Motors,IGARASHI,28/11/2016,722.5,201609,30608444
Nagreeka Exports,NAGREEKEXP,28/11/2016,33.7,201609,12499700
Praj Inds.,PRAJIND,28/11/2016,77.2,201609,178378756
Kalyani Forge,KALYANIFRG,28/11/2016,255,201609,3638000
Symphony,SYMPHONY,28/11/2016,1260.15,201609,69957000
Pitti Lamination,PITTILAM,28/11/2016,52.25,201609,26983400
Winsome Yarns,WINSOME,28/11/2016,1.95,201609,70707229
Patel Integrated,PATINTLOG,28/11/2016,74.45,201609,15886612
ATN Intl.,ATNINTER,28/11/2016,0.25,201609,39450000
Kohinoor Foods,KOHINOOR,28/11/2016,57.65,201609,35241530
Vakrangee,VAKRANGEE,28/11/2016,269.2,201609,529196170
Alphageo (India),ALPHAGEO,28/11/2016,927.4,201610,5909767
SPL Inds.,SPLIL,28/11/2016,25.6,201609,29000004
Supreme Petroch.,SUPPETRO,28/11/2016,205.95,201609,96501958
Mahamaya Steel,MAHASTEEL,28/11/2016,155.3,201609,13570400
Guj Apollo Inds,GUJAPOLLO,28/11/2016,129.65,201609,13660000
Torrent Pharma.,TORNTPHARM,28/11/2016,1406.1,201609,169222720
Ipca Labs.,IPCALAB,28/11/2016,570.5,201609,126199109
Automotive Stamp,ASAL,28/11/2016,51.6,201609,15864397
Kilitch Drugs,KILITCH,28/11/2016,38.4,201609,13231828
Shyam Telecom,SHYAMTEL,28/11/2016,27.6,201609,11270000
Krebs Biochem,KREBSBIO,28/11/2016,80.85,201609,13744286
Anik Industries,ANIKINDS,28/11/2016,21.55,201609,27753486
Indbank Merchant,INDBANK,28/11/2016,12.45,201609,44378200
Federal Bank,FEDERALBNK,28/11/2016,69.95,201609,1720481609
BPL,BPL,28/11/2016,70.55,201609,48884818
Bajaj Fin.,BAJFINANCE,28/11/2016,879.25,201609,538721900
Valecha Eng.,VALECHAENG,28/11/2016,26.8,201609,22530025
Nava Bharat Vent,NBVENTURES,28/11/2016,115.15,201609,178575482
Vimal Oil Foods,VIMALOIL,28/11/2016,37.3,201609,15020000
Neuland Labs.,NEULANDLAB,28/11/2016,1003.05,201609,8883254
Arrow Greentech,ARROWGREEN,28/11/2016,472.1,201609,11739948
M M Forgings,MMFL,28/11/2016,432.2,201609,12070400
Poddar Pigments,PODDARMENT,28/11/2016,219.55,201609,10610000
Avanti Feeds,AVANTIFEED,28/11/2016,513.75,201609,45415210
Srikalahas. Pip.,SRIPIPES,28/11/2016,280.55,201609,39763595
R S Software (I),RSSOFTWARE,28/11/2016,80.4,201609,25708318
Guj NRE Coke,GUJNRECOKE,28/11/2016,3.55,201609,1604548645
Surana Inds.,SURANAIND,28/11/2016,4.55,201609,44519067
Hind.Copper,HINDCOPPER,28/11/2016,61.3,201609,925218000
Butterfly Gan Ap,BUTTERFLY,28/11/2016,203.25,201609,17879551
Sanghi Inds.,SANGHIIND,28/11/2016,54.7,201609,219979000
Zodiac Cloth. Co,ZODIACLOTH,28/11/2016,183.75,201609,19519974
Mayur Uniquote,MAYURUNIQ,28/11/2016,372.95,201611,45777600
Vishnu Chemicals,VISHNU,28/11/2016,254.7,201609,11946020
Country Club Hos,CCHHL,28/11/2016,12.9,201609,163464735
Zodiac-JRD MKJ,ZODJRDMKJ,28/11/2016,35.7,201609,5177182
Pan India Corpor,SRGINFOTEC,28/11/2016,0.3,201609,214256500
Fedders Lloyd,FEDDERLOYD,28/11/2016,70.65,201609,30769700
Prime Securities,PRIMESECU,28/11/2016,25.8,201609,26473525
Techindia Nirman,TECHIN,28/11/2016,4.55,201609,14326000
Hinduja Ventures,HINDUJAVEN,28/11/2016,515.1,201609,20555503
Umang Dairies,UMANGDAIRY,28/11/2016,75.95,201609,22003200
Ind-Swift,INDSWFTLTD,28/11/2016,5.85,201609,50346941
Pudumjee Industr,PDUMJEIND,28/11/2016,12.75,201609,18000000
Savita Oil Tech,SOTL,28/11/2016,739.45,201609,14602083
TPL Plastech,TPLPLASTEH,28/11/2016,364.45,201609,7800300
Liberty Shoes,LIBERTSHOE,28/11/2016,142.2,201609,17040000
Times Guaranty,TIMESGTY,28/11/2016,23.65,201609,8993149
Tokyo Plast Intl,TOKYOPLAST,28/11/2016,102.8,201609,9501400
Jindal Poly Film,JINDALPOLY,28/11/2016,343.1,201609,43786413
Hester Bios,HESTERBIO,28/11/2016,702.55,201609,8506865
Electrotherm(I),ELECTHERM,28/11/2016,177.95,201609,11476374
Blue Dart Exp.,BLUEDART,28/11/2016,4614.4,201609,23727934
Kalindee Rail,KALINDEE,28/11/2016,105.75,201609,16507597
Adani Enterp.,ADANIENT,28/11/2016,65.6,201609,1099810083
LIC Housing Fin.,LICHSGFIN,28/11/2016,540.25,201609,504663000
Som Distilleries,SDBL,28/11/2016,153.8,201609,27522400
Dolphin Offshore,DOLPHINOFF,28/11/2016,99.4,201609,16772518
Mirza Internatio,MIRZAINT,28/11/2016,80.15,201609,120306000
Parenteral Drugs,PDPL,28/11/2016,21.1,201609,29816300
TTK Prestige,TTKPRESTIG,28/11/2016,5109.45,201609,11641190
Tour. Fin. Corp.,TFCILTD,28/11/2016,49.65,201609,80716748
Oriental Bank,ORIENTBANK,28/11/2016,116.6,201609,346170415
Websol Energy,WEBELSOLAR,28/11/2016,42.6,201609,21973066
Sun Pharma.Inds.,SUNPHARMA,28/11/2016,715.15,201609,2406753959
Lloyd Electric,LLOYDELENG,28/11/2016,266.35,201609,40332260
JMT Auto,JMTAUTOLTD,28/11/2016,24.6,201609,503832140
JMC Projects,JMCPROJECT,28/11/2016,209.4,201609,33581034
Kamat Hotels,KAMATHOTEL,28/11/2016,29.55,201609,23584058
Shree Rama News.,RAMANEWS,28/11/2016,28.95,201609,118158032
Hotel Rugby,HOTELRUGBY,28/11/2016,5.35,201609,14322800
Hikal,HIKAL,28/11/2016,211.8,201609,82200500
Surana Telecom,SURANAT&P,28/11/2016,5.05,201609,104022000
Bhartiya Intl.,BIL,28/11/2016,483.7,201609,11713848
Heritage Foods,HERITGFOOD,28/11/2016,857.85,201609,23199000
Shreyas Shipping,SHREYAS,28/11/2016,224.05,201609,21957533
Damodar Indust.,DAMODARIND,28/11/2016,72.75,201609,11125812
Caplin Point Lab,CAPLIPOINT,28/11/2016,365.1,201610,75550000
Onward Technolog,ONWARDTEC,28/11/2016,60.5,201609,15044320
Astra Microwave,ASTRAMICRO,28/11/2016,109.05,201609,86611675
Sambhaav Media,SAMBHAAV,28/11/2016,6,201609,146110840
Centum Electron,CENTUM,28/11/2016,503.4,201609,12712053
Antarctica,ANTGRAPHIC,28/11/2016,0.95,201606,155009600
Alchemist,ALCHEM,28/11/2016,22.8,201609,13559800
Jayaswal Neco,JAYNECOIND,28/11/2016,7.3,201609,638633063
Kalpataru Power,KALPATPOWR,28/11/2016,234.2,201609,153460570
Orbit Exports,ORBTEXP,28/11/2016,265.45,201609,14351150
Sandesh,SANDESH,28/11/2016,897.3,201609,7569421
Goldiam Intl.,GOLDIAM,28/11/2016,62.4,201609,24945996
PVP Ventures,PVP,28/11/2016,5,201609,245052701
GIC Housing Fin,GICHSGFIN,28/11/2016,280.05,201609,53851066
Trigyn Techno.,TRIGYN,28/11/2016,100.65,201609,29714486
IMP Powers,INDLMETER,28/11/2016,80.65,201609,8636563
Kitex Garments,KITEX,28/11/2016,390.4,201609,47500000
Hind.Natl.Glass,HINDNATGLS,28/11/2016,103.65,201609,87338565
Vipul Ltd,VIPULLTD,28/11/2016,64.5,201609,119984480
Paras Petrofils,PARASPETRO,28/11/2016,0.25,201609,334221000
Aurobindo Pharma,AUROPHARMA,28/11/2016,736.85,201609,585169586
KEI Inds.,KEI,28/11/2016,122.05,201609,77797438
Natco Pharma,NATCOPHARM,28/11/2016,614.95,201609,174174245
Panama Petrochem,PANAMAPET,28/11/2016,93.5,201609,40329065
Greenply Inds.,GREENPLY,28/11/2016,264.1,201609,122627395
PSL,PSL,28/11/2016,5.6,201609,98935252
Bal Pharma,BALPHARMA,28/11/2016,100.2,201609,14172372
Aro Granite Inds,AROGRANITE,28/11/2016,68.75,201609,15300000
Muthoot Cap.Serv,MUTHOOTCAP,28/11/2016,229.9,201609,12472575
Prism Cement,PRISMCEM,28/11/2016,91.55,201609,503356580
Banaras Beads,BANARBEADS,28/11/2016,43.5,201609,6591322
63 Moons Tech.,FINANTECH,28/11/2016,72.2,201609,46078537
SEAMEC Ltd,SEAMECLTD,28/11/2016,83.35,201609,25425000
Sarla Performanc,SARLAPOLY,28/11/2016,62.1,201609,83503000
JSW Steel,JSWSTEEL,28/11/2016,1722.45,201609,241722044
Thermax,THERMAX,28/11/2016,824.95,201609,119156300
Venus Remedies,VENUSREM,28/11/2016,96.7,201609,11441988
Rai S R Mohota,RAIREKMOH,28/11/2016,62.5,201609,14589445
Sanghvi Movers,SANGHVIMOV,28/11/2016,217.2,201609,43288000
Selan Expl. Tech,SELAN,28/11/2016,172.05,201609,16400000
Adi Finechem,ADI,28/11/2016,463.9,201609,13794000
Chromatic India,CHROMATIC,28/11/2016,3,201609,71046100
Themis Medicare,THEMISMED,28/11/2016,604.4,201609,9030300
CCL Products,CCL,28/11/2016,250.35,201609,133027920
Suven Life Scie.,SUVEN,28/11/2016,174.85,201609,127282478
Kothari Products,KOTHARIPRO,28/11/2016,169.35,201609,29843865
La Opala RG,LAOPALA,28/11/2016,533.35,201609,55500000
Genus Power,GENUSPOWER,28/11/2016,37.9,201609,257023031
Kellton Tech,KELLTONTEC,28/11/2016,120.85,201609,47063739
HDFC Bank,HDFCBANK,28/11/2016,1184.45,201609,2545633717
NRB Bearings,NRBBEARING,28/11/2016,110.3,201609,96922600
DB Intl.Stock,DBSTOCKBRO,28/11/2016,15,201609,35000000
Petron Engg,PETRONENGG,28/11/2016,137.15,201609,7538400
Ugar Sugar Works,UGARSUGAR,28/11/2016,27.35,201609,112500010
Goodluck Steel,GOODLUCK,28/11/2016,87.05,201609,22006250
Magma Fincorp,MAGMA,28/11/2016,102.1,201609,236933672
Shilpa Medicare,SHILPAMED,28/11/2016,674.05,201609,77101904
Relaxo Footwear,RELAXO,28/11/2016,415.55,201609,120039700
GEI Industrial,GEINDSYS,28/11/2016,3,201509,19679248
Sterling Tools,STERTOOLS,28/11/2016,874.35,201609,6844600
ANG Inds,ANGIND,28/11/2016,11.65,201609,16090000
Raj Rayon Inds.,RAJRAYON,28/11/2016,0.3,201609,346454000
Alps Inds.,ALPSINDUS,28/11/2016,6,201609,39114100
Paramount Comm.,PARACABLES,28/11/2016,3.45,201609,125233465
Nila Infrastruct,NILAINFRA,28/11/2016,13.8,201609,392968700
Cupid,CUPID,28/11/2016,292.85,201609,11115000
Lakshmi Energy,LAKSHMIEFL,28/11/2016,55.35,201609,69970000
Bhageria Indust.,BHAGERIA,28/11/2016,348.8,201609,7962750
Remsons Inds.,REMSONSIND,28/11/2016,48.6,201609,6044971
Balaji Amines,BALAMINES,28/11/2016,315.35,201609,32401000
Kwality,KWALITY,28/11/2016,127.4,201609,236085454
Om Metals Infrap,OMMETALS,28/11/2016,44.05,201609,96303809
ECE Inds.,ECEIND,28/11/2016,307.45,201606,7288645
TCS,TCS,28/11/2016,2282.6,201609,1970427941
ICICI Bank,ICICIBANK,28/11/2016,255.3,201609,5818976105
IDBI Bank,IDBI,28/11/2016,67.75,201609,2058815081
Corporation Bank,CORPBANK,28/11/2016,44.8,201609,1147056443
Oil India,OIL,28/11/2016,428.25,201609,601135955
Power Grid Corpn,POWERGRID,28/11/2016,190.5,201609,5231589648
Bank of Baroda,BANKBARODA,28/11/2016,163.05,201609,2304159598
Canara Bank,CANBK,28/11/2016,309.35,201609,542991054
UCO Bank,UCOBANK,28/11/2016,33.25,201609,1301055902
United Bank (I),UNITEDBNK,28/11/2016,20.9,201609,1071961471
Cox & Kings,COX&KINGS,28/11/2016,167.65,201609,176564890
Union Bank (I),UNIONBANK,28/11/2016,150.05,201609,687441117
Maruti Suzuki,MARUTI,28/11/2016,4893.75,201609,302080060
Shriram Pistons,SHRIPISTON,28/11/2016,1294,201606,22374912
S B T,SBT,28/11/2016,545.55,201609,71104167
Dhanlaxmi Bank,DHANBANK,28/11/2016,24.05,201609,209846619
IndusInd Bank,INDUSINDBK,28/11/2016,1050.35,201609,596916120
Dena Bank,DENABANK,28/11/2016,35.25,201610,787149884
Central Bank,CENTRALBK,28/11/2016,81.25,201609,1885026010
Alankit,ALANKIT,28/11/2016,53,201610,71479050
Axis Bank,AXISBANK,28/11/2016,472.9,201609,2389758663
Sphere Global,SPHEREGSL,28/11/2016,65.1,201609,17468872
Jet Airways,JETAIRWAYS,28/11/2016,394.4,201609,113597383
Bank of Maha,MAHABANK,28/11/2016,29.3,201609,1168333708
Syndicate Bank,SYNDIBANK,28/11/2016,65.85,201609,904539438
Bank of India,BANKINDIA,28/11/2016,117.9,201609,1054695104
HCL Technologies,HCLTECH,28/11/2016,806.05,201609,1410911594
Allahabad Bank,ALBK,28/11/2016,67.75,201609,723033238
Madras Fert.,MADRASFERT,28/11/2016,12.9,201606,161101300
Rossell India,ROSSELLIND,28/11/2016,90.75,201609,36696475
JK Paper,JKPAPER,28/11/2016,83.55,201609,148530625
Indian Metals,IMFA,28/11/2016,398.9,201609,25977053
Pun. & Sind Bank,PSB,28/11/2016,49.25,201609,400411027
Pilani Invest.,PILANIINVS,28/11/2016,1414.4,201609,7908750
Andhra Bank,ANDHRABANK,28/11/2016,51.45,201609,681163492
Karnataka Bank,KTKBANK,28/11/2016,103,201609,188469081
ICSA (India),ICSA,28/11/2016,3,201609,48138500
St Bk of Mysore,MYSOREBANK,28/11/2016,546.1,201609,48013420
Alicon Cast.,ALICON,28/11/2016,372.2,201609,12256222
IVRCL,IVRCLINFRA,28/11/2016,4.05,201609,782897692
I O B,IOB,28/11/2016,24.9,201609,2454728928
St Bk of Bikaner,SBBJ,28/11/2016,695.75,201609,70000000
RBL Bank,RBLBANK,28/11/2016,353.2,201609,369808976
KRBL,KRBL,28/11/2016,267.6,201609,235389892
Vijaya Bank,VIJAYABANK,28/11/2016,45.95,201609,998845340
Suprajit Engg.,SUPRAJIT,28/11/2016,184.9,201609,131338774
Indian Bank,INDIANB,28/11/2016,241.95,201609,480291651
Geojit BNP,GEOJITBNPP,28/11/2016,36.9,201609,235145703
O N G C,ONGC,28/11/2016,284,201609,8555490120
Arman Financial,ARMANFIN,28/11/2016,206.25,201609,5720179
Manappuram Fin.,MANAPPURAM,28/11/2016,72.3,201609,841575296
Beardsell,BEARDSELL,28/11/2016,380.2,201609,4683168
Sri Adhik. Bros.,SABTN,28/11/2016,257.15,201609,34944500
Vikas Ecotech,VIKASECO,28/11/2016,17.5,201609,254239675
Nucleus Soft.,NUCLEUS,28/11/2016,229.65,201609,32383724
South Ind.Bank,SOUTHBANK,28/11/2016,20.95,201609,1350617260
Country Condo,COUNCODOS,28/11/2016,4,201609,77597300
Zydus Wellness,ZYDUSWELL,28/11/2016,842.95,201609,39072089
Phoenix Mills,PHOENIXLTD,28/11/2016,398.95,201609,153066907
Emami,EMAMILTD,28/11/2016,1096,201609,226967619
The Byke Hospi.,BYKE,28/11/2016,174.35,201609,40097800
Gemini Comm.,GEMINI,28/11/2016,1.6,201609,123894703
Jullundur Motor,JMA,28/11/2016,183,201609,5963610
Shri.City Union.,SHRIRAMCIT,28/11/2016,1871.45,201609,65931207
Almondz Global,ALMONDZ,28/11/2016,13.25,201609,25884967
Shakti Pumps,SHAKTIPUMP,28/11/2016,127.15,201609,18380156
Signet Indus.,SIGNET,28/11/2016,24.7,201609,294370000
Jocil,JOCIL,28/11/2016,173.5,201606,8881150
Lambodhara Text.,LAMBODHARA,28/11/2016,65.1,201609,9077600
Swelect Energy,SWELECTES,28/11/2016,325.15,201609,10105840
Mohit Inds.,MOHITIND,28/11/2016,31.4,201609,14157575
Karuturi Global,KGL,28/11/2016,1.5,201609,1019726648
Sunteck Realty,SUNTECK,28/11/2016,188.55,201609,62966207
DLF,DLF,28/11/2016,113.2,201609,1783947846
Jindal Worldwide,JINDWORLD,28/11/2016,183.1,201609,20052040
Viji Finance,VIJIFIN,28/11/2016,15.55,201609,7500000
Sundaram Multi.,SUNDARAM,28/11/2016,4.05,201609,215605773
City Union Bank,CUB,28/11/2016,134.3,201609,598191279
Kanani Inds.,KANANIIND,28/11/2016,14.55,201609,98934000
Sharda Motor,SHARDAMOTR,28/11/2016,1050.35,201609,5946326
Responsive Ind,RESPONIND,28/11/2016,72.05,201609,266912700
SE Investments,SEINV,28/11/2016,207.25,201609,40560000
Panoramic Univ.,PANORAMUNI,28/11/2016,9.65,201609,77745000
Khandwala Sec.,KHANDSE,28/11/2016,17.95,201609,11939000
Ahluwalia Contr.,AHLUCONT,28/11/2016,243.35,201609,66987560
J & K Bank,J&KBANK,28/11/2016,59.05,201609,484778020
Prajay Engg.,PRAENG,28/11/2016,9.9,201609,69935791
Pioneer Distil.,PIONDIST,28/11/2016,213.05,201609,13388200
Agarwal Indl.,AGARIND,28/11/2016,302.1,201609,5512900
Cybertech Sys.,CYBERTECH,28/11/2016,74.6,201609,27046343
LCC Infotech,LCCINFOTEC,28/11/2016,0.3,201609,126593350
BSEL Infra.,BSELINFRA,28/11/2016,3.6,201609,82616840
REI Agro,REIAGROLTD,28/11/2016,0.5,201609,957984954
KSS,KSERASERA,28/11/2016,0.15,201609,2135875070
Mukand Engineers,MUKANDENGG,28/11/2016,33,201609,12572400
KCP Sugar &Inds.,KCPSUGIND,28/11/2016,28.6,201609,113385050
Punjab Natl.Bank,PNB,28/11/2016,137.1,201609,2127968258
Ind-Swift Labs.,INDSWFTLAB,28/11/2016,37.25,201609,41458955
Welspun Corp,WELCORP,28/11/2016,71.15,201609,265226109
Sh. Rama Multi.,SHREERAMA,28/11/2016,14.15,201609,63468005
Compucom Soft.,COMPUSOFT,28/11/2016,14.4,201609,79125188
Wockhardt,WOCKPHARMA,28/11/2016,684.7,201609,110548028
Tips Industries,TIPSINDLTD,28/11/2016,59.1,201609,14318659
TVS Motor Co.,TVSMOTOR,28/11/2016,354.2,201609,475087114
Usha Mart. Edu.,UMESLTD,28/11/2016,2.4,201609,26415811
Megasoft,MEGASOFT,28/11/2016,21.8,201609,44267293
United Spirits,MCDOWELL-N,28/11/2016,1917.6,201609,145327743
BF Utilities,BFUTILITIE,28/11/2016,428.8,201609,37667628
Aptech,APTECHT,28/11/2016,160.7,201609,39882289
Aurionpro Sol.,AURIONPRO,28/11/2016,99.8,201609,21950301
NTPC,NTPC,28/11/2016,164.35,201609,8245464400
I O C L,IOC,28/11/2016,300.15,201609,2427952482
Coal India,COALINDIA,28/11/2016,304.9,201609,6316364400
Engineers India,ENGINERSIN,28/11/2016,292.5,201609,336936600
NMDC,NMDC,28/11/2016,122.7,201610,3163890474
Natl.Fertilizer,NFL,28/11/2016,31.9,201609,490578400
Power Fin.Corpn.,PFC,28/11/2016,129.8,201609,2640081408
SJVN,SJVN,28/11/2016,31,201609,4136626500
Hexaware Tech.,HEXAWARE,28/11/2016,204.4,201609,301911222
T N Newsprint,TNPL,28/11/2016,367.6,201609,69210600
Madhucon Proj.,MADHUCON,28/11/2016,39.4,201609,73794940
Punj Lloyd,PUNJLLOYD,28/11/2016,19.85,201609,332095745
Guj Pipavav Port,GPPL,28/11/2016,146.45,201609,483439910
Minda Inds.,MINDAIND,28/11/2016,308.05,201609,79326780
APL Apollo,APLAPOLLO,28/11/2016,893.4,201609,23589955
GAIL (India),GAIL,28/11/2016,417.5,201609,1268477400
Zicom Electron.,ZICOM,28/11/2016,40,201609,20199829
Linc Pen &Plast.,LINCPEN,28/11/2016,234.6,201609,14785960
Panacea Biotec,PANACEABIO,28/11/2016,113.75,201609,61250746
Aries Agro,ARIES,28/11/2016,134.9,201609,13004339
Sonata Software,SONATSOFTW,28/11/2016,158.3,201609,105159306
Page Industries,PAGEIND,28/11/2016,12787.65,201609,11153874
Indoco Remedies,INDOCO,28/11/2016,274.45,201609,92150355
NHPC Ltd,NHPC,28/11/2016,27.9,201609,11070668496
Marico,MARICO,28/11/2016,249.7,201609,1290171198
Redington India,REDINGTON,28/11/2016,93.95,201609,399848460
Container Corpn.,CONCOR,28/11/2016,1168.85,201609,194974191
SIL Investments,SILINV,28/11/2016,98.95,201609,10595860
Ramco Systems,RAMCOSYS,28/11/2016,319.6,201609,30118940
Empee Distill.,EDL,28/11/2016,62.3,201609,19008893
Granules India,GRANULES,28/11/2016,108.3,201609,217161770
Kothari Petroche,KOTHARIPET,28/11/2016,21.8,201606,58846400
Reliance Power,RPOWER,28/11/2016,40.6,201609,2805126466
GeeCee Vent.,GEECEE,28/11/2016,117.65,201609,21726543
Lincoln Pharma.,LINCOLN,28/11/2016,195.25,201610,20000000
SKIL Infrastr,SKIL,28/11/2016,20.75,201609,216571232
Capri Global,CGCL,28/11/2016,66.25,201609,35026961
Aspinwall & Co,ASPINWALL,28/11/2016,202.65,201609,7818288
Gokaldas Exports,GOKEX,28/11/2016,57.85,201609,34917661
Indrapr.Medical,INDRAMEDCO,28/11/2016,52,201609,91673000
Blu.Coast Hotel.,BLUECOAST,28/11/2016,119.7,201609,12748457
Hatsun AgroProd.,HATSUN,28/11/2016,345.9,201609,152168307
ICRA,ICRA,28/11/2016,3937.2,201609,10000000
Rajesh Exports,RAJESHEXPO,28/11/2016,457.75,201609,295259959
Geometric,GEOMETRIC,28/11/2016,243.25,201609,65364386
Credit Analysis,CARERATING,28/11/2016,1380.05,201609,29440354
Oracle Fin.Serv.,OFSS,28/11/2016,3056.8,201609,85017001
NBCC,NBCC,28/11/2016,227,201609,600000000
Prestige Estates,PRESTIGE,28/11/2016,156.1,201609,375000000
Cerebra Integr.,CEREBRAINT,28/11/2016,21.4,201609,96407722
India Power Corp,DPSCLTD,28/11/2016,33.75,201609,973789640
Morarjee Text.,MORARJEE,28/11/2016,49.9,201609,36332349
Lokesh Mach.,LOKESHMACH,28/11/2016,70.85,201609,16636078
Pokarna,POKARNA,28/11/2016,940,201609,6200800
Mahanagar Gas,MGL,28/11/2016,771.1,201609,98777778
Arih.Found.Hsg.,ARIHANT,28/11/2016,48.65,201609,8600000
Cyber Media Ind,CYBERMEDIA,28/11/2016,11.15,201609,10501242
Ajanta Pharma,AJANTPHARM,28/11/2016,1830.95,201611,88005000
Archies,ARCHIES,28/11/2016,22.35,201609,33780000
Blue Chip India,BLUECHIP,28/11/2016,0.45,201609,55304340
Cyient,CYIENT,28/11/2016,493.6,201609,112544727
Goldstone Tech.,GOLDTECH,28/11/2016,6.95,201609,18782066
Nitco,NITCO,28/11/2016,57,201609,54699338
Technofab Engg.,TECHNOFAB,28/11/2016,188.45,201609,10490000
Manaksia,MANAKSIA,28/11/2016,51.65,201609,65534050
MOIL,MOIL,28/11/2016,363.5,201610,133187804
G M D C,GMDCLTD,28/11/2016,103.8,201609,318000000
Suzlon Energy,SUZLON,28/11/2016,14.85,201609,5024398950
Poly Medicure,POLYMED,28/11/2016,376.5,201609,44113440
TVS Elec.,TVSELECT,28/11/2016,146.55,201609,18612818
Suprem.Tex Mart,SUPREMETEX,28/11/2016,4.5,201609,68013835
Subex,SUBEX,28/11/2016,9.45,201609,506907936
Ortel Commu.,ORTEL,28/11/2016,129.3,201609,30365464
Eon Elect.,EON,28/11/2016,56.7,201609,16057466
Gati,GATI,28/11/2016,119.35,201609,87899154
JP Power Ven.,JPPOWER,28/11/2016,4,201609,2938003084
Rupa & Co,RUPA,28/11/2016,259.35,201609,79524560
Adit.Birla Money,BIRLAMONEY,28/11/2016,25.05,201609,55400000
Rasoya Proteins,RASOYPR,28/11/2016,0.2,201609,1708931700
FDC,FDC,28/11/2016,213.15,201609,177833084
Jubilant Food.,JUBLFOOD,28/11/2016,888.9,201609,65836820
Cinevista,CINEVISTA,28/11/2016,5.65,201609,57436475
DCB Bank,DCBBANK,28/11/2016,109.5,201609,284734528
PVR,PVR,28/11/2016,1130.5,201609,46738588
MRO-TEK Realty,MRO-TEK,28/11/2016,61.7,201609,18684602
Stampede Cap.,STAMPEDE,28/11/2016,28.75,201609,229011200
Vidhi Dyestuffs,VIDHIDYE,28/11/2016,52,201609,49945000
Maithan Alloys,MAITHANALL,28/11/2016,254.15,201609,29111550
Gateway Distr.,GDL,28/11/2016,220.55,201609,108728049
Jyothy Lab.,JYOTHYLAB,28/11/2016,339.6,201609,181578738
Biocon,BIOCON,28/11/2016,882.35,201609,200000000
Tricom India,TRICOM,28/11/2016,1.2,201609,79205450
Atul Auto,ATULAUTO,28/11/2016,447.4,201609,21943200
ABG Shipyard,ABGSHIP,28/11/2016,29.2,201609,99683675
BGR Energy Sys.,BGRENERGY,28/11/2016,108.6,201609,72161560
Accelya Kale,ACCELYA,28/11/2016,1442.75,201609,14926261
PNB Gilts,PNBGILTS,28/11/2016,53.45,201609,180010134
Minda Corp,MINDACORP,28/11/2016,95,201609,209311640
Prit Nandy Comm.,PNC,28/11/2016,21.6,201609,14467000
Aksh Optifibre,AKSHOPTFBR,28/11/2016,24,201609,162665070
Summit Sec.,SUMMITSEC,28/11/2016,435.65,201609,10901781
Nelcast,NELCAST,28/11/2016,54.05,201609,87001200
Sun TV Network,SUNTV,28/11/2016,460.7,201609,394084620
JP Associates,JPASSOCIAT,28/11/2016,7.5,201609,2432456975
Smartlink Netwr.,SMARTLINK,28/11/2016,85,201609,22550000
Bharti Airtel,BHARTIARTL,28/11/2016,318.8,201609,3997400102
Godrej Propert.,GODREJPROP,28/11/2016,307.45,201609,216362181
Castex Tech,CASTEXTECH,28/11/2016,9.95,201609,378122838
Energy Devl.Co.,ENERGYDEV,28/11/2016,69.3,201609,47500000
NDTV,NDTV,28/11/2016,71.8,201609,64471267
Century Ply.,CENTURYPLY,28/11/2016,185.1,201609,222172990
Salona Cotspin,SALONA,28/11/2016,37.1,201609,5262400
Dwarikesh Sugar,DWARKESH,28/11/2016,287.6,201609,18830147
Lovable Lingerie,LOVABLE,28/11/2016,234.6,201609,16800000
Visagar Polytex,VIVIDHA,28/11/2016,2.1,201609,246200534
Repro India,REPRO,28/11/2016,399.2,201609,10903759
Ambika Cotton,AMBIKCO,28/11/2016,1001.25,201609,5875000
Satin Creditcare,SATIN,28/11/2016,408.6,201610,37568787
Kernex Microsys.,KERNEX,28/11/2016,37.05,201609,12499455
Vaibhav Global,VAIBHAVGBL,28/11/2016,270.75,201609,32530579
PNB Housing,PNBHOUSING,28/11/2016,847.75,201611,165642309
Gayatri Projects,GAYAPROJ,28/11/2016,610.65,201609,35450380
KPIT Tech.,KPIT,28/11/2016,129.3,201609,197498742
BLB,BLBLIMITED,28/11/2016,5.85,201609,52865258
M & M Fin. Serv.,M&MFIN,28/11/2016,289.9,201609,568764960
IZMO,IZMO,28/11/2016,46.1,201609,12162273
Kamdhenu,KAMDHENU,28/11/2016,70,201609,23400000
Strides Shasun,STAR,28/11/2016,1093.85,201609,89365978
XL Energy,XLENERGY,28/11/2016,2.7,201609,22774397
Raj Television,RAJTV,28/11/2016,58.7,201609,51913344
J K Cements,JKCEMENT,28/11/2016,709.5,201609,69927250
STEL Holdings,STEL,28/11/2016,49.15,201609,18455405
Delta Corp,DELTACORP,28/11/2016,113.6,201609,231144104
Tech Mahindra,TECHM,28/11/2016,489.35,201609,971986187
Hindustan Media,HMVL,28/11/2016,269.3,201609,73393770
SKM Egg Prod.,SKMEGGPROD,28/11/2016,53.1,201609,26330000
Polaris Consulta,POLARIS,28/11/2016,163.5,201609,101580664
Ortin Labs.,ORTINLABSS,28/11/2016,20.25,201609,16940400
Noida Tollbridg.,NOIDATOLL,28/11/2016,13.6,201609,186195002
Excel Crop Care,EXCELCROP,28/11/2016,1794.65,201609,11005630
Orient Cement,ORIENTCEM,28/11/2016,132.5,201609,204868760
Landmark Prop.,LPDC,28/11/2016,3.6,201609,134143160
Adani Power,ADANIPOWER,28/11/2016,27.25,201609,3417454409
IL&FS Engg.,IL&FSENGG,28/11/2016,41.6,201609,121158671
Rural Elec.Corp.,RECLTD,28/11/2016,135.9,201609,987459000
L & T Infotech,LTI,28/11/2016,621.4,201609,169843538
Kavveri Telecom,KAVVERITEL,28/11/2016,13.2,201609,20124260
Mahindra Holiday,MHRIL,28/11/2016,407.15,201609,88780856
Persistent Sys,PERSISTENT,28/11/2016,602.7,201609,80000000
Allied Digital,ADSL,28/11/2016,31.4,201609,50205528
Torrent Power,TORNTPOWER,28/11/2016,173.65,201609,480616784
Shirpur Gold,SHIRPUR-G,28/11/2016,104.6,201609,29137202
Info Edg.(India),NAUKRI,28/11/2016,899.6,201609,121116159
MPS,MPSLTD,28/11/2016,651.95,201609,18616926
Lypsa Gems,LYPSAGEMS,28/11/2016,50.7,201609,21060000
Alkem Lab,ALKEM,28/11/2016,1692.15,201609,119565000
Vardhman Acrylic,VARDHACRLC,28/11/2016,46.05,201609,93007836
V-Guard Inds.,VGUARD,28/11/2016,172.35,201609,301805190
T B Z,TBZ,28/11/2016,61.3,201609,66730620
Advance. Enzyme.,ADVENZYMES,28/11/2016,2100.1,201609,22326005
Indo Tech.Trans.,INDOTECH,28/11/2016,198.05,201609,10620000
Titagarh Wagons,TWL,28/11/2016,105.9,201609,115411870
Shoppers St.,SHOPERSTOP,28/11/2016,296.25,201609,83504744
R Systems Intl.,RSYSTEMS,28/11/2016,58.85,201609,126870425
Triven.Engg.Ind.,TRIVENI,28/11/2016,59,201609,257945110
PTC India,PTC,28/11/2016,70.9,201609,296008321
Petronet LNG,PETRONET,28/11/2016,369.75,201609,750000044
Grob Tea Co,GROBTEA,28/11/2016,237.95,201606,1162330
Mangalam Drugs,MANGALAM,28/11/2016,149.9,201609,15828248
Jindal Steel,JINDALSTEL,28/11/2016,70.9,201609,914903800
Simplex Projects,SIMPLEX,28/11/2016,26.45,201609,12600378
Atlanta,ATLANTA,28/11/2016,61.1,201609,81500000
Transport Corp.,TCI,28/11/2016,179.1,201609,76577450
Mindtree,MINDTREE,28/11/2016,477.8,201609,167956514
Glenmark Pharma.,GLENMARK,28/11/2016,903.1,201609,282168156
Dish TV,DISHTV,28/11/2016,89.1,201609,1065928565
Sasken Comm.Tec.,SASKEN,28/11/2016,399.55,201609,17719813
3i Infotech,3IINFOTECH,28/11/2016,5.5,201609,898881472
Hathway Cable,HATHWAY,28/11/2016,34.15,201609,830494500
MPS Infotecnics,VISESHINFO,28/11/2016,0.2,201609,3774436655
Indraprastha Gas,IGL,28/11/2016,838.9,201609,140000160
Intrasoft Tech.,ISFT,28/11/2016,452.8,201609,14731678
Mahindra Life.,MAHLIFE,28/11/2016,367.95,201609,41035750
TajGVK Hotels,TAJGVK,28/11/2016,106.25,201609,62701495
Cadila Health.,CADILAHC,28/11/2016,410.85,201609,1023742600
Lycos Internet,LYCOS,28/11/2016,7.85,201609,476251499
GE Power,GEPIL,28/11/2016,471.5,201609,67227471
Dynacons Sys.,DSSL,28/11/2016,17,201609,5923080
Mukta Arts,MUKTAARTS,28/11/2016,92.2,201609,22581200
Orbit Corpn.,ORBITCORP,28/11/2016,4.45,201606,113961890
Datamatics Glob.,DATAMATICS,28/11/2016,78.25,201609,58949337
Divi's Lab.,DIVISLAB,28/11/2016,1166.2,201609,265468580
Zen Technologies,ZENTEC,28/11/2016,63.55,201609,77160060
Tata Tele. Mah.,TTML,28/11/2016,6.4,201609,1954927727
FCS Software,FCSSOFT,28/11/2016,0.25,201609,1709553100
Adani Ports,ADANIPORTS,28/11/2016,272.75,201609,2070951761
Opto Circuits,OPTOCIRCUI,28/11/2016,9.5,201609,242319407
AXISCADES Engg.,AXISCADES,28/11/2016,160.5,201609,27189593
Balaji Telefilms,BALAJITELE,28/11/2016,83.8,201609,75930443
Welspun Enterp,WELENT,28/11/2016,62.9,201609,174280535
Sterlite Tech.,STRTECH,28/11/2016,94.6,201609,397189235
Cigniti Tech.,CIGNITITEC,28/11/2016,389.5,201609,25981199
Next Media.,NEXTMEDIA,28/11/2016,16.95,201609,65335276
Lanco Infratech,LITL,28/11/2016,3.75,201609,2749326655
Godrej Consumer,GODREJCP,28/11/2016,1433.1,201609,340600816
Net 4 India,NET4,28/11/2016,1.8,201609,20058250
ICICI Pru Life,ICICIPRULI,28/11/2016,308.3,201609,1435324010
Goldst.Infratec.,GOLDINFRA,28/11/2016,27.85,201609,36080737
Royal Orch.Hotel,ROHLTD,28/11/2016,68.65,201609,27233965
Jagran Prakashan,JAGRAN,28/11/2016,172,201609,326911829
Dishman Pharma.,DISHMAN,28/11/2016,239.05,201609,161394272
Sadbhav Engg.,SADBHAV,28/11/2016,270,201609,171570800
Ponni Sug.Erode,PONNIERODE,28/11/2016,207.95,201609,8598418
Meghmani Organ.,MEGH,28/11/2016,42,201609,254314211
I D F C,IDFC,28/11/2016,57.75,201611,1595941570
Gulshan Polyols,GULPOLY,28/11/2016,385.05,201609,9383404
Compuage Info.,COMPINFO,28/11/2016,195.75,201609,11747999
BLS Internat.,BLS,28/11/2016,1649.25,201609,10245000
Inox Leisure,INOXLEISUR,28/11/2016,221.75,201609,96457754
Cera Sanitary.,CERA,28/11/2016,2020.55,201609,13005874
Inventure Grow.,INVENTURE,28/11/2016,13.1,201609,84000000
AIA Engg.,AIAENG,28/11/2016,1327.45,201609,94320370
Tantia Constr.,TANTIACONS,28/11/2016,16.9,201609,18823066
Ramsarup Inds.,RAMSARUP,28/11/2016,1.85,201609,35078480
Triveni Turbine,TRITURBINE,28/11/2016,117.05,201609,329972150
Orissa Minerals,ORISSAMINE,28/11/2016,2144,201609,6000000
BAG Films,BAGFILMS,28/11/2016,4.3,201609,187947749
GMR Infra.,GMRINFRA,28/11/2016,11.4,201609,6035945275
Idea Cellular,IDEA,28/11/2016,75.8,201609,3601031239
Reliance Defence,RDEL,28/11/2016,52.5,201609,736206269
Maxwell Inds.,MAXWELL,28/11/2016,47.5,201609,66077215
United Breweries,UBL,28/11/2016,869.6,201609,264405149
ISMT,ISMTLTD,28/11/2016,8.95,201609,146501383
IIFL Holdings,IIFL,28/11/2016,260.5,201609,317095853
S H Kelkar & Co.,SHK,28/11/2016,296.55,201609,144620801
Rama Steel Tubes,RAMASTEEL,28/11/2016,110.9,201609,14934000
JBM Auto,JBMA,28/11/2016,230.95,201609,40795364
Transwar.Fin.,TFL,28/11/2016,9.5,201609,24460568
Lux Industries,LUXIND,28/11/2016,751.9,201609,25253000
20 Microns,20MICRONS,28/11/2016,35.75,201609,35286502
Bharati Defence,BHARATIDIL,28/11/2016,15.25,201606,50298942
Lumax Auto Tech.,LUMAXTECH,28/11/2016,418.95,201609,13631541
Hanung Toys,HANUNG,28/11/2016,6,201609,30822775
Hi-Tech Pipes,HITECH,28/11/2016,110,201603,10301100
Nitin Spinners,NITINSPIN,28/11/2016,68.6,201609,45833945
Precision Camshf,PRECAM,28/11/2016,150.3,201609,94744825
PPAP Automotive,PPAP,28/11/2016,156,201609,14000000
STL Global,SGL,28/11/2016,16,201609,27452680
Sh.Renuka Sugar,RENUKA,28/11/2016,13.85,201609,928811242
Nectar Lifesci.,NECLIFE,28/11/2016,32.2,201609,224260970
Uttam Sug.Mills,UTTAMSUGAR,28/11/2016,50.35,201609,38138120
Fortis Health.,FORTIS,28/11/2016,183.45,201609,463338994
Gitanjali Gems,GITANJALI,28/11/2016,55.3,201609,118616005
T.V. Today Netw.,TVTODAY,28/11/2016,311.4,201609,59653615
Guj.St.Petronet,GSPL,28/11/2016,153.45,201609,563466575
P B A Infra.,PBAINFRA,28/11/2016,19.7,201609,13500562
North Eastn.Car.,NECCLTD,28/11/2016,40.75,201609,50197336
Sharon Bio-Med.,SHARONBIO,28/11/2016,9.55,201609,118935700
Tanla Solutions,TANLA,28/11/2016,42.3,201609,101479593
Deep Industries,DEEPIND,28/11/2016,241.15,201609,29200000
Navin Fluo.Intl.,NAVINFLUOR,28/11/2016,2318.55,201609,9787297
8K Miles,8KMILES,28/11/2016,715.1,201609,11444102
Jindal Stain.,JSL,28/11/2016,37.75,201609,399469754
Jai Balaji Inds.,JAIBALAJI,28/11/2016,10.25,201609,83431486
Lumax Auto.Sys.,LUMAXAUTO,28/11/2016,23.8,201512,7404106
Apollo Sindoori,APOLSINHOT,28/11/2016,520.9,201606,1300200
Green Fire,GREENFIRE,28/11/2016,2.1,201609,96108436
JSW Holdings,JSWHL,28/11/2016,1311.45,201609,11099625
Gammon Infra.,GAMMNINFRA,28/11/2016,4,201609,941830724
Palred Technolog,PALREDTEC,28/11/2016,73.45,201609,8213083
Muthoot Finance,MUTHOOTFIN,28/11/2016,285.5,201609,399050934
Parsvnath Devl.,PARSVNATH,28/11/2016,12.55,201609,435181170
MSP Steel & Pow.,MSPL,28/11/2016,12.3,201609,88100000
Indowind Energy,INDOWIND,28/11/2016,4.3,201609,89741486
Pochiraju Inds.,POCHIRAJU,28/11/2016,9.05,201606,18906675
Usher Agro,USHERAGRO,28/11/2016,10,201609,38059039
Allsec Tech.,ALLSEC,28/11/2016,310.5,201609,15238326
Firstsour.Solu.,FSL,28/11/2016,36.45,201609,675650387
Team Lease Serv.,TEAMLEASE,28/11/2016,847.3,201609,17096769
Ramkrishna Forg.,RKFORGE,28/11/2016,307.85,201609,28669940
Zylog Systems,ZYLOG,28/11/2016,4.3,201609,58992840
Jindal Photo,JINDALPHOT,28/11/2016,76.3,201609,10258326
McDowell Hold.,MCDHOLDING,28/11/2016,51.7,201609,13992258
H T Media,HTMEDIA,28/11/2016,71.7,201609,232748314
UltraTech Cem.,ULTRACEMCO,28/11/2016,3504.85,201609,274445284
GP Petroleums,GULFPETRO,28/11/2016,75.55,201609,50984383
NIIT Tech.,NIITTECH,28/11/2016,422.55,201609,61355174
Mcleod Russel,MCLEODRUSS,28/11/2016,146.9,201609,109455735
Everest Kanto,EKC,28/11/2016,33.6,201609,112207682
C C C L,CCCL,28/11/2016,3.65,201609,398511188
Bedmutha Indus.,BEDMUTHA,28/11/2016,20.75,201609,24531611
Fiem Inds.,FIEMIND,28/11/2016,1149,201609,13159830
Repco Home Fin,REPCOHOME,28/11/2016,583.2,201609,62552407
Xchanging Sol.,XCHANGING,28/11/2016,68.6,201609,111403716
S.A.L Steel,SALSTEEL,28/11/2016,3.85,201609,84966700
Yes Bank,YESBANK,28/11/2016,1149.6,201609,421659213
Solar Inds.,SOLARINDS,28/11/2016,666.05,201609,90490055
Unity Infra.,UNITY,28/11/2016,8.9,201609,120876802
Impex Ferro Tech,IMPEXFERRO,28/11/2016,1.75,201609,87931604
Puravankar.Proj.,PURVA,28/11/2016,40.65,201609,237149686
Alkali Metals,ALKALI,28/11/2016,68.95,201609,10182506
Ashoka Buildcon,ASHOKA,28/11/2016,138.3,201609,187148811
Ent.Network,ENIL,28/11/2016,699.9,201609,47670415
Uniply Inds.,UNIPLY,28/11/2016,220.55,201609,20916012
Accel Frontline,AFL,28/11/2016,61.45,201609,29761873
Multi Comm. Exc.,MCX,28/11/2016,1248.75,201609,50998369
Syngene Intl.,SYNGENE,28/11/2016,558.35,201609,200000000
Bannari Amm Spg.,BASML,28/11/2016,272,201609,15754269
Bombay Rayon,BRFL,28/11/2016,147.1,201609,183002272
Globus Spirits,GLOBUSSPR,28/11/2016,96.7,201609,28799268
Ravikumar Distll,RKDL,28/11/2016,12.75,201609,24000000
SMS Pharma.,SMSPHARMA,28/11/2016,95.15,201609,84652030
Sh.Ganesh Forg.,SGFL,28/11/2016,1.9,201609,12500474
GTL Infra.,GTLINFRA,28/11/2016,4.5,201609,2383859293
Skipper,SKIPPER,28/11/2016,140.75,201609,102316462
Adhunik Indus.,ADHUNIKIND,28/11/2016,107.1,201609,46763750
Kolte Patil Dev.,KOLTEPATIL,28/11/2016,96.2,201609,75774909
Pincon Spirit,PINCON,28/11/2016,65.65,201609,44086000
GPT Infraproject,GPTINFRA,28/11/2016,242.1,201609,14543000
Hubtown,HUBTOWN,28/11/2016,87.6,201609,72735871
Saksoft,SAKSOFT,28/11/2016,192.9,201609,10425000
Provogue (India),PROVOGE,28/11/2016,4.25,201609,233381827
Kaya Ltd,KAYA,28/11/2016,731.25,201609,12961869
Nandan Denim,NDL,28/11/2016,113.55,201609,48049056
Rane (Madras),RML,28/11/2016,419.9,201609,10510649
Sejal Glass,SEZAL,28/11/2016,5.8,201606,33550000
KM Sugar Mills,KMSUGAR,28/11/2016,19.4,201609,92000170
Vivimed Labs.,VIVIMEDLAB,28/11/2016,92.3,201609,81018915
Indiabulls Vent.,IBVENTURES,28/11/2016,20.5,201609,293065652
Rohit Ferro Tec.,ROHITFERRO,28/11/2016,4.8,201609,113776123
Rajvir Inds.,RAJVIR,28/11/2016,43,201609,3994860
Shivam Autotech,SHIVAMAUTO,28/11/2016,42,201609,100000000
Radha Madh.Corp.,RMCL,28/11/2016,16.4,201609,66342275
Godawari Power,GPIL,28/11/2016,59.7,201609,32756247
Educomp Sol.,EDUCOMP,28/11/2016,10.45,201609,122467168
GOL Offshore,GTOFFSHORE,28/11/2016,20.85,201609,78862474
Store One Retail,STOREONE,28/11/2016,108,201609,27600000
Pratibha Inds.,PRATIBHA,28/11/2016,12.05,201609,101055392
Bartronics India,BARTRONICS,28/11/2016,15.5,201609,34048861
Sakuma Exports,SAKUMA,28/11/2016,62.45,201609,16425943
GVK Power Infra.,GVKPIL,28/11/2016,5.7,201609,1579210400
Celebrity Fash.,CELEBRITY,28/11/2016,9.9,201609,39003765
Technocraf.Inds.,TIIL,28/11/2016,362.35,201609,26300000
Raj Oil Mills,RAJOIL,28/11/2016,2.2,201609,71010108
Gokul Refoils,GOKUL,28/11/2016,15.45,201609,131895000
Sunil Hitech,SUNILHITEC,28/11/2016,183.95,201609,18900160
Rel. Comm.,RCOM,28/11/2016,35.95,201609,2488979745
Malu Paper,MALUPAPER,28/11/2016,29.75,201609,17059250
B.L.Kashyap,BLKASHYAP,28/11/2016,20.2,201609,205440000
Gallantt Metal,GALLANTT,28/11/2016,38.95,201609,81322324
Visa Steel,VISASTEEL,28/11/2016,16.5,201609,110000000
Adhunik Metal,ADHUNIK,28/11/2016,7.05,201609,123499536
Prime Focus,PFOCUS,28/11/2016,70,201609,298878974
Celestial Biolab,CELESTIAL,28/11/2016,19.15,201609,20486350
Kewal Kir.Cloth.,KKCL,28/11/2016,1817,201609,12325037
Supreme Infra.,SUPREMEINF,28/11/2016,69.75,201609,25698372
K E C Intl.,KEC,28/11/2016,141.75,201609,257088370
Emk.Global Fin.,EMKAY,28/11/2016,57.95,201609,24437750
Parabolic Drugs,PARABDRUGS,28/11/2016,7.3,201609,61892014
JSW Energy,JSWENERGY,28/11/2016,57.3,201609,1640054795
JHS Sven.Lab.,JHS,28/11/2016,39.35,201609,38315000
Allcargo Logist.,ALLCARGO,28/11/2016,172.35,201609,252095524
Action Const.Eq.,ACE,28/11/2016,48.7,201609,98940000
HOV Services,HOVS,28/11/2016,108.45,201609,12532522
Volt.Transform.,VOLTAMP,28/11/2016,891.5,201609,10117120
Renaissance Jew.,RJL,28/11/2016,128.75,201609,19079440
GTN Textiles,GTNTEX,28/11/2016,12.6,201609,11640478
Global Vectra,GLOBALVECT,28/11/2016,83.15,201609,14000000
Cambridge Tech.,CTE,28/11/2016,97.9,201609,19631015
Sutlej Textiles,SUTLEJTEX,28/11/2016,792.8,201609,16382862
L T Foods,DAAWAT,28/11/2016,262.5,201609,26663187
Ruchira Papers,RUCHIRA,28/11/2016,108,201609,22421804
Texmaco Rail,TEXRAIL,28/11/2016,100.85,201609,210334098
TGB Banquets,TGBHOTELS,28/11/2016,68.15,201609,29286400
Oriental Trimex,ORIENTALTL,28/11/2016,5.4,201609,14815208
Sobha,SOBHA,28/11/2016,245.8,201609,96304676
TV18 Broadcast,TV18BRDCST,28/11/2016,37.15,201609,1714360160
Sr.Rayala.Hypo,SRHHYPOLTD,28/11/2016,145.3,201609,14716689
Ess Dee Alumin.,ESSDEE,28/11/2016,44,201603,32047811
Mahindra CIE,MAHINDCIE,28/11/2016,181.65,201610,378083252
Hinduja Global,HGS,28/11/2016,523.95,201609,20730947
OCL Iron & Steel,OISL,28/11/2016,7.45,201609,134143160
Hilton Met.Forg.,HILTON,28/11/2016,16.15,201609,12443016
Autoline Inds.,AUTOIND,28/11/2016,49.75,201611,15641054
AMD Industries,AMDIND,28/11/2016,31,201609,19166749
Euro Ceramics,EUROCERA,28/11/2016,6.15,201609,33737717
Ankit Met.Power,ANKITMETAL,28/11/2016,2.1,201609,141110500
Cineline India,CINELINE,28/11/2016,79.45,201609,28000000
MBL Infrast,MBLINFRA,28/11/2016,85.1,201609,41454624
C & C Constrn.,CANDC,28/11/2016,17.35,201609,25445265
Astec Life,ASTEC,28/11/2016,581.3,201609,19503855
Cairn India,CAIRN,28/11/2016,250,201609,1875706135
E-Land Apparel,ELAND,28/11/2016,21.55,201609,47990469
Pearl Global Ind,PGIL,28/11/2016,142.65,201609,21663937
MIC Electronics,MIC,28/11/2016,14.4,201609,176960345
Astral Poly,ASTRAL,28/11/2016,402.75,201609,119750283
SEL Mfg. Co,SELMCL,28/11/2016,3.05,201609,331347000
SPARC,SPARC,28/11/2016,312.5,201609,246895786
Tarmat,TARMAT,28/11/2016,38.1,201609,10960707
V2 Retail,V2RETAIL,28/11/2016,118.45,201609,24887619
Kaushalya Infra.,KAUSHALYA,28/11/2016,4.5,201609,34630630
Netwrk.18 Media,NETWORK18,28/11/2016,38,201609,1046948519
Zee Media,ZEEMEDIA,28/11/2016,35.35,201609,470789505
Siti Networks,SITINET,28/11/2016,36.45,201609,794147420
Alpa Lab.,ALPA,28/11/2016,30.15,201609,21040600
Take Solutions,TAKE,28/11/2016,127.3,201609,133236800
Omaxe,OMAXE,28/11/2016,159.4,201609,182900540
Barak Valley,BVCL,28/11/2016,23.5,201609,22160000
Asahi Songwon,ASAHISONG,28/11/2016,245.3,201609,12272262
Time Technoplast,TIMETECHNO,28/11/2016,92.95,201609,210117750
Insecticid.India,INSECTICID,28/11/2016,486.5,201609,20667796
Nitin Fire Prot.,NITINFIRE,28/11/2016,27.75,201609,292269622
Camlin Fine,CAMLINFINE,28/11/2016,104.85,201609,103258780
Refex Industries,REFEX,28/11/2016,16.5,201609,15475176
Nahar Capital,NAHARCAP,28/11/2016,87.45,201609,16746167
Asian Granito,ASIANTILES,28/11/2016,197.65,201609,30087446
Indbull.RealEst.,IBREALEST,28/11/2016,68.45,201609,506528739
H D I L,HDIL,28/11/2016,58.95,201609,419003986
Magnum Ventures,MAGNUM,28/11/2016,3.65,201609,37601884
GSS Info.,GSS,28/11/2016,27.2,201609,16936843
Man Infra,MANINFRA,28/11/2016,40.65,201609,247500270
Rushil Decor,RUSHIL,28/11/2016,677.75,201609,14400000
Kaveri Seed Co.,KSCL,28/11/2016,410.4,201609,69055095
K P R Mill Ltd,KPRMILL,28/11/2016,1129.9,201609,37682892
Motil.Oswal.Fin.,MOTILALOFS,28/11/2016,500.15,201609,143473975
Maan Aluminium,MAANALU,28/11/2016,73.25,201609,3380304
Burnpur Cement,BURNPUR,28/11/2016,9.6,201609,86124363
Kiri Indus.,KIRIINDUS,28/11/2016,295.4,201609,27843951
WABCO India,WABCOINDIA,28/11/2016,4977.95,201609,18967584
Sujana Towers,SUJANATWR,28/11/2016,8.6,201609,56544552
Bajaj Auto,BAJAJ-AUTO,28/11/2016,2637,201609,289367020
Bajaj Finserv,BAJAJFINSV,28/11/2016,2941.9,201609,159131780
Metkore Alloys,METKORE,28/11/2016,3,201609,70426475
Religare Enterp.,RELIGARE,28/11/2016,270,201609,178334498
Bang Overseas,BANG,28/11/2016,26.25,201609,13560000
Edelweiss.Fin.,EDELWEISS,28/11/2016,99.75,201609,828357202
Somi Conv.Belt.,SOMICONVEY,28/11/2016,45.7,201609,11779656
Sita Shree Food,SITASHREE,28/11/2016,7.65,201609,27834174
Mold-Tek Pack.,MOLDTKPAC,28/11/2016,195.5,201609,27691052
REI Six Ten,REISIXTEN,28/11/2016,0.65,201609,147098362
Tulsi Extrusions,TULSI,28/11/2016,4.1,201609,27494610
PTC India Fin,PFS,28/11/2016,37.9,201609,562083335
Cords Cable,CORDSCABLE,28/11/2016,55.15,201609,12927780
eClerx Services,ECLERX,28/11/2016,1496.25,201609,40882350
Brigade Enterpr.,BRIGADE,28/11/2016,154.4,201609,113217665
J Kumar Infra,JKIL,28/11/2016,194.8,201609,75665506
OnMobile Global,ONMOBILE,28/11/2016,80.45,201609,104254999
MVL,MVL,28/11/2016,0.35,201609,601243200
Tarapur Trans,TARAPUR,28/11/2016,5.05,201609,19500011
KNR Construct.,KNRCON,28/11/2016,722.55,201609,28123460
T R I L,TRIL,28/11/2016,335.8,201609,13256411
GREENETH.RES&PRO,AUSTRAL,28/11/2016,0.35,201609,298869172
Capital First,CAPF,28/11/2016,551.8,201609,92338294
IRB Infra.Devl.,IRB,28/11/2016,187.8,201609,351450000
Shriram EPC,SHRIRAMEPC,28/11/2016,33.9,201609,336705864
Archidply Inds.,ARCHIDPLY,28/11/2016,56.85,201609,22065000
Vascon Engineers,VASCONEQ,28/11/2016,30.15,201609,161336716
Resurgere Mines,RMMIL,28/11/2016,0.65,201609,198874644
Mandhana Indus,MANDHANA,28/11/2016,25.15,201609,33123913
D B Corp,DBCORP,28/11/2016,365.3,201609,183805307
Ramky Infra,RAMKY,28/11/2016,69.8,201609,57197791
Bafna Pharma.,BAFNAPHARM,28/11/2016,28.95,201609,18656335
Birla Cotsyn,BIRLACOT,28/11/2016,0.05,201609,2668635154
LGB Forge,LGBFORGE,28/11/2016,6.1,201609,150001551
Nu Tek India,NUTEK,28/11/2016,0.75,201609,154518600
PNC Infratech,PNCINFRA,28/11/2016,111,201609,256539165
Nitesh Estates,NITESHEST,28/11/2016,9.9,201609,145832100
Lotus Eye Care,LOTUSEYE,28/11/2016,19.55,201609,20796330
Microsec Fin,SASTASUNDR,28/11/2016,52.5,201609,31810500
RPG LifeScience.,RPGLIFE,28/11/2016,494.05,201609,16536105
KSK Energy Ven.,KSK,28/11/2016,21.75,201609,423985774
Piraml.Phyto.,PIRPHYTO,28/11/2016,99.65,201609,25960340
Rane Engine Val.,RANEENGINE,28/11/2016,599.5,201609,6718992
Rane Brake Lin.,RBL,28/11/2016,980.25,201609,7914980
Sicagen India,SICAGEN,28/11/2016,24.25,201609,39571684
Future Consumer,FCONSUMER,28/11/2016,20.35,201609,1658142238
ARSS Infra,ARSSINFRA,28/11/2016,69.15,201609,14843230
Fineotex Chem,FCL,28/11/2016,31.75,201609,112298110
A2Z Infra Engg.,A2ZINFRA,28/11/2016,41.1,201609,129621980
Prakash Steelage,PRAKASHSTL,28/11/2016,1.4,201609,175000390
Bharat Financial,BHARATFIN,28/11/2016,681.45,201609,137551594
Gyscoal Alloys,GAL,28/11/2016,10.45,201609,15827556
VRL Logistics,VRLLOG,28/11/2016,266.75,201609,91243495
Infinite Comp,INFINITE,28/11/2016,239.4,201609,38706459
Excel Infoways,EXCEL,28/11/2016,38.6,201609,31348779
Jindal Cotex Ltd,JINDCOT,28/11/2016,17.2,201609,45003140
Welspun Investme,WELINV,28/11/2016,78.45,201609,3654476
Syncom Health,SYNCOM,28/11/2016,6.75,201609,40000000
BS,BSLIMITED,28/11/2016,4.15,201609,441683580
Arrow Textiles,ARROWTEX,28/11/2016,36.25,201609,19043939
Sreeleathers,SREEL,28/11/2016,122.95,201609,25155012
Texmo Pipes,TEXMOPIPES,28/11/2016,20.5,201609,23820000
D-Link India,DLINKINDIA,28/11/2016,84,201609,35504850
Electrosteel St.,ESL,28/11/2016,3.05,201609,2409235023
Farmax India,FARMAXIND,28/11/2016,0.15,201609,534171427
Asian Hotels (E),AHLEAST,28/11/2016,186,201609,11440585
Kesar Terminals,KTIL,28/11/2016,229.95,201609,10926475
Interglobe Aviat,INDIGO,28/11/2016,888.1,201609,361468363
Speciality Rest.,SPECIALITY,28/11/2016,75.2,201609,46957657
SQS India BFSI,SQSBFSI,28/11/2016,719.7,201609,10674881
Kirloskar Oil,KIRLOSENG,28/11/2016,325,201609,144613861
PC Jeweller,PCJEWELLER,28/11/2016,361.25,201609,179100000
Prabhat Dairy,PRABHAT,28/11/2016,104.85,201609,97676131
Flexituff Intl.,FLEXITUFF,28/11/2016,189.75,201609,24882806
MEP Infrast.,MEP,28/11/2016,35.9,201609,162569191
GNA Axles,GNA,28/11/2016,202.4,201609,21465400
V-Mart Retail,VMART,28/11/2016,472.55,201609,18068160
IL&FS Transport,IL&FSTRANS,28/11/2016,98.85,201609,328960027
S P Apparels,SPAL,28/11/2016,319.95,201609,25167600
Shree Gan.Jew.,SGJHL,28/11/2016,4.45,201606,71906485
Emami Infra.,EMAMIINFRA,28/11/2016,60.85,201609,24298392
Jaypee Infratec.,JPINFRATEC,28/11/2016,7.4,201609,1388933497
TD Power Sys.,TDPOWERSYS,28/11/2016,171.1,201609,33237588
Equitas Holdings,EQUITAS,28/11/2016,159.6,201609,336956148
Sanghvi Forg.,SANGHVIFOR,28/11/2016,37.85,201609,14892267
Power Mech Proj.,POWERMECH,28/11/2016,465.4,201609,14710764
Sh.Pushkar Chem.,SHREEPUSHK,28/11/2016,171.45,201609,30219435
Rattanindia Pow.,RTNPOWER,28/11/2016,7.4,201609,2952933353
Ujjivan Fin.Ser.,UJJIVAN,28/11/2016,348.1,201609,118485500
Ducon Tech,DUCON,28/11/2016,57.6,201609,78423100
Thangamayil Jew.,THANGAMAYL,28/11/2016,171.55,201609,13719582
Den Networks,DEN,28/11/2016,65.65,201609,178199806
BF Investment,BFINVEST,28/11/2016,131.95,201609,37667628
Sharda Cropchem,SHARDACROP,28/11/2016,420.85,201609,90220495
Emmbi Industries,EMMBI,28/11/2016,126.25,201609,17690250
Gravita India,GRAVITA,28/11/2016,40.9,201609,68467514
DQ Entertain.,DQE,28/11/2016,21.25,201609,79283000
Cantabil Retail,CANTABIL,28/11/2016,61.6,201609,16327608
D B Realty,DBREALTY,28/11/2016,39.85,201609,243258782
Goenka Diamond,GOENKA,28/11/2016,0.75,201609,317000000
Omkar Spl.Chem.,OMKARCHEM,28/11/2016,157.2,201609,20578004
CIL Nova Petro.,CNOVAPETRO,28/11/2016,26.25,201609,13550000
Surana Solar,SURANASOL,28/11/2016,21.5,201609,49206600
Indosolar,INDOSOLAR,28/11/2016,6.45,201609,358130000
Tata Motors-DVR,TATAMTRDVR,28/11/2016,293,201609,508476704
Future Ent. DVR,FELDVR,28/11/2016,16,201609,39374679
Techno Elec.,TECHNO,28/11/2016,297.85,201609,114182400
Kalyani Invest.,KICL,28/11/2016,1177.65,201609,4365306
Va Tech Wabag,WABAG,28/11/2016,496.15,201609,54524510
RPP Infra Proj.,RPPINFRA,28/11/2016,183.35,201609,22600584
Indiabulls Hous.,IBULHSGFIN,28/11/2016,707.65,201609,421895856
Dilip Buildcon,DBL,28/11/2016,231,201609,136769768
Dhunseri Invest.,DHUNINV,28/11/2016,173.65,201609,6097178
Talwal.Better,TALWALKARS,28/11/2016,241.45,201609,29704856
Shekhawati Poly.,SPYL,28/11/2016,1.35,201609,344700000
Gallantt Ispat,GALLISPAT,28/11/2016,510.55,201609,28236072
Eros Intl.Media,EROSMEDIA,28/11/2016,167.7,201609,93596336
Zee Learn,ZEELEARN,28/11/2016,38.3,201609,320682267
Oberoi Realty,OBEROIRLTY,28/11/2016,285.7,201609,339380605
Bil Energy Sys.,BILENERGY,28/11/2016,0.9,201609,105708000
Shilpi Cable,SHILPI,28/11/2016,184.95,201609,110632272
PG Electro.,PGEL,28/11/2016,134.85,201609,16414332
Indbul.Wholesale,IBWSL,28/11/2016,19.25,201609,50718493
Career Point,CAREERP,28/11/2016,108.2,201609,18132939
Indian Terrain,INDTERRAIN,28/11/2016,133.9,201609,37271300
Bajaj Corp,BAJAJCORP,28/11/2016,364.45,201609,147500000
SRS,SRSLTD,28/11/2016,5.4,201609,278582026
AcroPetal Tech.,ACROPETAL,28/11/2016,1.45,201512,38890358
TCI Developers,TCIDEVELOP,28/11/2016,357.95,201609,3729431
Dalmia Bhar.,DALMIABHA,28/11/2016,1588.05,201609,88799303
Karma Ener.,KARMAENG,28/11/2016,36.85,201609,11569918
Commercial Eng.,CEBBCO,28/11/2016,13.15,201609,54942964
Orient Green,GREENPOWER,28/11/2016,9.5,201609,739799675
Sudar Industries,SUDAR,28/11/2016,1.75,201603,22501352
Guj.NRE-DVR,GUJNREDVR,28/11/2016,3.1,201606,52488010
Asian Hotels (W),AHLWEST,28/11/2016,200,201609,11458303
Stand.Chart.PLC,STAN,28/11/2016,50.2,201103,195660639
Tara Jewels,TARAJEWELS,28/11/2016,37,201609,24622850
Bharti Infra.,INFRATEL,28/11/2016,363.5,201609,1849608246
Alembic Pharma,APLLTD,28/11/2016,649.9,201609,188515914
Jubilant Inds.,JUBLINDS,28/11/2016,245.55,201609,11915070
Pennar Engg.Bld.,PENPEBS,28/11/2016,154.35,201609,34274911
Elgi Rubb.,ELGIRUBCO,28/11/2016,35.8,201609,50050000
Vardhman Spl.,VSSL,28/11/2016,95.15,201609,18555376
Servalaksh.Paper,SERVALL,28/11/2016,3.55,201609,43113656
Furure Market,FMNL,28/11/2016,31.9,201609,56171156
Endurance Tech.,ENDURANCE,28/11/2016,562.65,201610,140662848
Vaswani Inds.,VASWANI,28/11/2016,9.3,201609,30000000
Tijaria Poly.,TIJARIA,28/11/2016,5.55,201609,23626579
Bharatiya Glob.,BGLOBAL,28/11/2016,6.2,201609,15843110
Brooks Lab.,BROOKS,28/11/2016,136.8,201609,16186422
Kridhan Infra,KRIDHANINF,28/11/2016,58.3,201609,74091765
Onelife Capital,ONELIFECAP,28/11/2016,25.5,201609,13360000
Nagarjuna Fert.,NAGAFERT,28/11/2016,10.1,201609,598065003
Nagar.Oil Refin.,NAGAROIL,28/11/2016,5.5,201609,428181821
Ujaas Energy,UJAAS,28/11/2016,47.15,201609,200000000
Sanco Industries,SANCO,28/11/2016,110.25,201609,10284000
Tree House Edu.,TREEHOUSE,28/11/2016,27.45,201609,42310724
Essar Shipping,ESSARSHPNG,28/11/2016,27.05,201609,206976072
Orient Refrac.,ORIENTREF,28/11/2016,116.8,201609,120139200
Arvind Infra.,ARVINFRA,28/11/2016,70.45,201609,25824307
Aditya Bir. Fas.,ABFRL,28/11/2016,139.4,201609,769093684
Star Ferro Cem.,SFCL,28/11/2016,97.1,201609,222172990
Prakash Constro.,PRAKASHCON,28/11/2016,6.15,201609,125678260
L&T Fin.Holdings,L&TFH,28/11/2016,87.2,201609,1754121525
Schneider Elect.,SCHNEIDER,28/11/2016,142.75,201609,239104035
Indo Thai Sec.,INDOTHAI,28/11/2016,21.45,201609,10000000
Dr Lal Pathlabs,LALPATHLAB,28/11/2016,1159.55,201609,82776997
M B Agro Prod.,MBAPL,28/11/2016,37.9,201609,21906735
MT Educare,MTEDUCARE,28/11/2016,114.25,201609,39820784
Weizmann For.,WEIZFOREX,28/11/2016,165.5,201609,11564357
VKS Projects,VKSPL,28/11/2016,0.1,201609,630000000
Just Dial,JUSTDIAL,28/11/2016,370.5,201609,69503984
Shemaroo Entert.,SHEMAROO,28/11/2016,370.15,201609,27182239
TV Vision,TVVISION,28/11/2016,275.85,201609,34944500
Jain Irrigat-DVR,JISLDVREQS,28/11/2016,55.45,201609,19294304
Hexa Tradex,HEXATRADEX,28/11/2016,16.05,201609,55244704
RattanIndia Infr,RTNINFRA,28/11/2016,3,201609,1382269592
Prozone Intu,PROZONINTU,28/11/2016,34.6,201609,152602883
S E Power,SEPOWER,28/11/2016,7.85,201609,40610000
Integra Garments,INTEGRA,28/11/2016,3.65,201609,36332349
NRB Indl Bearing,NIBL,28/11/2016,34,201609,24230650
Sadbhav Infra.,SADBHIN,28/11/2016,87.5,201609,352225216
Advance Meter.,AMTL,28/11/2016,28.15,201609,16057466
Zuari Agro Chem.,ZUARI,28/11/2016,206.6,201609,42058006
Thyrocare Tech.,THYROCARE,28/11/2016,648.05,201609,53723533
Health.Global,HCG,28/11/2016,256.95,201609,85075986
Veto Switchgears,VETO,28/11/2016,134.55,201609,18327100
PDS Multi.,PDSMFL,28/11/2016,169,201609,26046724
Genus Paper & Bo,GENUSPAPER,28/11/2016,5.2,201609,257125940
Snowman Logistic,SNOWMAN,28/11/2016,51.6,201609,167087995
Ashapura Inti.,AIFL,28/11/2016,419.85,201609,19467240
Wonderla Holiday,WONDERLA,28/11/2016,328.2,201609,56500670
Future Lifestyle,FLFL,28/11/2016,129.1,201609,189966458
Greenlam Industr,GREENLAM,28/11/2016,670,201609,24136374
Jindal Poly Inve,JPOLYINVST,28/11/2016,90.45,201609,10511929
Gujarat Gas,GUJGASLTD,28/11/2016,529.2,201609,137678025
Inox Wind,INOXWIND,28/11/2016,182.55,201609,221918226
Nath Bio-Genes,NATHBIOGEN,28/11/2016,161,201609,16004000
Agri-Tech India,AGRITECH,28/11/2016,33.05,201609,5940000
Dhunseri Tea,DTIL,28/11/2016,280.5,201609,7004951
Simbhaoli Sugar,SIMBHALS,28/11/2016,31.2,201609,37479020
Quess Corp,QUESS,28/11/2016,614.8,201609,125953353
L&T Technology,LTTS,28/11/2016,847.85,201609,101690392
Narayana Hrudaya,NH,28/11/2016,343,201609,204360804
Parag Milk Foods,PARAGMILK,28/11/2016,271.15,201609,84114582
Navkar Corporat.,NAVKARCORP,28/11/2016,175.6,201609,142608023
Gulf Oil Lubric.,GULFOILLUB,28/11/2016,697.1,201609,49614542
Majesco,MAJESCO,28/11/2016,400.25,201609,23248400
Momai Apparels,MOMAI,28/11/2016,123.25,201609,14429535
IDFC Bank,IDFCBANK,28/11/2016,70.05,201611,3395641885
Intellect Design,INTELLECT,28/11/2016,142.6,201609,101098422
Coffee Day Enter,COFFEEDAY,28/11/2016,205.5,201609,206001719
Monte Carlo Fas.,MONTECARLO,28/11/2016,397.65,201609,21732064
Manaksia Alumi.,MANAKALUCO,28/11/2016,5.2,201609,65534050
Manaksia Steels,MANAKSTEEL,28/11/2016,9.1,201609,65534050
Manaksia Coated,MANAKCOAT,28/11/2016,7.2,201609,65534050
Manaksia Indus.,MANAKINDST,28/11/2016,12.4,201609,65534050
Manpasand Bever.,MANPASAND,28/11/2016,620.15,201609,57186198
UFO Moviez,UFO,28/11/2016,444.15,201609,27600801
Jindal Stain .Hi,JSLHISAR,28/11/2016,89.7,201609,235934685
Pudumjee Paper,PDMJEPAPER,28/11/2016,18.8,201609,94950000
Adlabs Entert.,ADLABS,28/11/2016,82.35,201609,79897810
Crompton Gr. Con,CROMPTON,28/11/2016,146.85,201609,626746142
Balkrishna Paper,BALKRISHNA,28/11/2016,80,201609,10739844
Infibeam Incorp.,INFIBEAM,28/11/2016,1197,201609,53362221
Shyam Century,SHYAMCENT,28/11/2016,7.35,201609,222172990
Future Retail,FRETAIL,28/11/2016,128.35,201609,471338557
SAB Events,SABEVENTS,28/11/2016,51,201609,10483711
Adani Transmissi,ADANITRANS,28/11/2016,62.05,201609,1099810083
BIGBLOC Const.,BIGBLOC,28/11/2016,40.5,201609,14157575
Quick Heal,QUICKHEAL,28/11/2016,234.9,201609,70034108
Bharat Wire,BHARATWIRE,28/11/2016,46,201609,44952248
Lloyds Steels,LSIL,28/11/2016,1.65,201609,898698382
Fourth Dimension,FOURTHDIM,28/11/2016,100,201609,10892000
Max India,MAXINDIA,28/11/2016,143.05,201609,266983999
Max Ventures,MAXVIL,28/11/2016,51.15,201609,53396800
Gokul Agro,GOKULAGRO,28/11/2016,19.15,201609,131895000
Digjam,DIGJAMLTD,28/11/2016,12,201609,87641621
